orderID,plantID,product,quantity,orderDate,status
O10001,PL008,Design,501,2024-10-28,Completed
O10002,PL014,Or,471,2025-01-03,In Progress
O10003,PL007,Foreign,43,2024-06-08,Completed
O10004,PL028,Base,50,2023-08-25,In Progress
O10005,PL043,Weight,159,2025-04-03,Completed
O10006,PL032,Deal,954,2025-06-01,Completed
O10007,PL048,Beat,472,2024-11-19,Cancelled
O10008,PL003,Move,170,2024-11-15,Pending
O10009,PL002,Name,507,2025-01-08,Pending
O10010,PL024,City,999,2024-09-21,Completed
O10011,PL042,Put,401,2025-05-28,Cancelled
O10012,PL028,Himself,79,2024-11-14,In Progress
O10013,PL015,Employee,750,2024-09-14,In Progress
O10014,PL009,Ten,39,2024-11-26,Cancelled
O10015,PL012,Amount,433,2023-12-19,Cancelled
O10016,PL023,Wait,942,2025-02-10,In Progress
O10017,PL046,Report,546,2023-11-18,Pending
O10018,PL024,Bill,526,2025-02-15,Pending
O10019,PL003,Leg,903,2023-09-26,In Progress
O10020,PL030,Throughout,713,2025-04-15,Cancelled
O10021,PL017,Statement,239,2024-11-03,Completed
O10022,PL019,On,760,2023-07-28,Completed
O10023,PL050,Certainly,889,2025-02-07,Cancelled
O10024,PL027,Actually,676,2023-11-28,In Progress
O10025,PL009,With,441,2025-04-24,Completed
O10026,PL002,After,504,2023-10-08,Completed
O10027,PL034,Tv,544,2024-04-05,Completed
O10028,PL040,Child,180,2025-01-17,Cancelled
O10029,PL050,Economic,918,2024-07-30,In Progress
O10030,PL044,Road,530,2023-08-16,In Progress
O10031,PL032,Conference,491,2025-04-01,Completed
O10032,PL037,Both,304,2023-07-08,In Progress
O10033,PL048,Side,676,2023-12-19,In Progress
O10034,PL002,Look,90,2025-01-31,Cancelled
O10035,PL035,Wall,294,2025-03-28,Completed
O10036,PL036,Member,772,2024-03-06,In Progress
O10037,PL008,Present,502,2024-01-22,Cancelled
O10038,PL017,What,967,2024-06-26,Completed
O10039,PL019,Through,2,2023-08-18,Pending
O10040,PL033,Majority,277,2025-01-10,Cancelled
O10041,PL009,While,178,2025-02-03,Cancelled
O10042,PL033,Policy,778,2024-08-26,Completed
O10043,PL037,Travel,456,2024-07-31,Cancelled
O10044,PL047,Born,198,2024-02-22,In Progress
O10045,PL025,Skin,417,2023-07-19,Pending
O10046,PL034,Whose,761,2023-09-04,Pending
O10047,PL050,Character,350,2024-08-16,Pending
O10048,PL042,Federal,376,2025-03-21,Cancelled
O10049,PL026,Hit,428,2024-12-26,Pending
O10050,PL016,Assume,821,2024-05-25,Cancelled
O10051,PL038,Together,543,2024-05-19,Cancelled
O10052,PL011,Capital,736,2023-06-23,Completed
O10053,PL002,Because,825,2023-11-24,Cancelled
O10054,PL026,Individual,586,2024-08-11,Pending
O10055,PL045,Call,189,2025-05-04,Cancelled
O10056,PL013,Stop,230,2023-12-17,Cancelled
O10057,PL001,Why,778,2024-01-14,Pending
O10058,PL026,Under,616,2025-01-10,In Progress
O10059,PL044,Table,427,2023-12-02,Completed
O10060,PL037,New,92,2023-08-07,Completed
O10061,PL031,Forward,378,2025-05-04,Completed
O10062,PL040,I,195,2025-05-01,Completed
O10063,PL039,Coach,932,2024-09-28,Pending
O10064,PL011,Treatment,354,2025-06-08,Completed
O10065,PL015,Factor,536,2025-04-27,Pending
O10066,PL020,Modern,754,2024-04-07,Pending
O10067,PL025,Really,696,2024-01-13,Cancelled
O10068,PL027,Such,958,2024-10-21,Cancelled
O10069,PL030,Culture,677,2024-06-17,Pending
O10070,PL005,Left,547,2023-12-18,In Progress
O10071,PL027,Just,465,2024-12-23,In Progress
O10072,PL040,Work,764,2025-02-10,Cancelled
O10073,PL038,Away,966,2023-11-21,In Progress
O10074,PL040,School,67,2023-07-07,Cancelled
O10075,PL004,Money,632,2025-05-31,Pending
O10076,PL004,Party,233,2023-12-09,In Progress
O10077,PL028,Risk,237,2025-05-26,In Progress
O10078,PL012,Executive,827,2025-03-31,Pending
O10079,PL041,Rest,417,2024-01-25,Cancelled
O10080,PL040,Pay,141,2025-02-14,Completed
O10081,PL011,Late,564,2023-09-04,Completed
O10082,PL027,Push,635,2023-08-17,Pending
O10083,PL019,Treatment,632,2024-09-26,Pending
O10084,PL040,Oil,65,2023-12-01,Pending
O10085,PL030,Without,347,2023-09-15,Pending
O10086,PL016,Enter,140,2024-12-05,Completed
O10087,PL003,Remain,603,2023-07-30,Pending
O10088,PL021,Evening,185,2024-03-15,Cancelled
O10089,PL019,Instead,768,2024-08-23,In Progress
O10090,PL008,Hit,415,2023-09-30,Completed
O10091,PL016,Painting,147,2025-02-19,Pending
O10092,PL040,Appear,372,2024-02-02,Pending
O10093,PL016,Travel,469,2024-05-18,In Progress
O10094,PL007,Sound,418,2024-08-12,Completed
O10095,PL046,Point,337,2023-09-12,In Progress
O10096,PL043,In,208,2023-08-26,Completed
O10097,PL013,Moment,159,2024-12-22,Cancelled
O10098,PL016,Sense,56,2024-09-27,Pending
O10099,PL014,Speech,21,2023-11-02,Completed
O10100,PL022,On,455,2023-08-05,Pending
O10101,PL046,Consumer,453,2024-06-17,In Progress
O10102,PL028,Training,580,2023-08-17,Pending
O10103,PL045,Camera,470,2024-02-21,Cancelled
O10104,PL019,Without,684,2024-07-19,In Progress
O10105,PL041,Officer,350,2024-02-28,Pending
O10106,PL014,Only,42,2025-05-14,Cancelled
O10107,PL005,Baby,64,2023-08-30,Pending
O10108,PL015,Teacher,686,2023-06-30,Pending
O10109,PL021,Only,92,2023-07-02,Completed
O10110,PL020,Nice,550,2025-01-31,In Progress
O10111,PL045,Institution,573,2025-05-10,Completed
O10112,PL024,Close,152,2024-08-18,Completed
O10113,PL036,Person,289,2025-01-28,Cancelled
O10114,PL005,Century,900,2023-08-25,Pending
O10115,PL030,Easy,998,2023-07-28,Pending
O10116,PL035,Example,899,2024-01-03,Cancelled
O10117,PL028,Citizen,328,2024-03-19,In Progress
O10118,PL039,Kind,715,2024-04-10,Completed
O10119,PL035,Attack,563,2024-04-30,Completed
O10120,PL049,Scene,549,2024-12-27,Cancelled
O10121,PL043,Require,633,2023-07-26,In Progress
O10122,PL019,Dream,705,2024-11-07,Pending
O10123,PL037,Front,259,2024-12-18,Pending
O10124,PL045,Leg,534,2023-12-11,Completed
O10125,PL037,Popular,145,2024-01-30,Cancelled
O10126,PL024,Direction,97,2024-12-03,In Progress
O10127,PL021,Interest,255,2023-11-06,Pending
O10128,PL001,Worry,367,2023-07-05,Pending
O10129,PL008,War,157,2023-11-02,Cancelled
O10130,PL008,State,704,2024-09-23,Pending
O10131,PL039,Difference,520,2023-09-13,In Progress
O10132,PL022,Claim,820,2023-10-04,Cancelled
O10133,PL007,Voice,604,2024-04-27,Cancelled
O10134,PL021,Son,345,2024-04-18,Cancelled
O10135,PL006,Add,11,2025-05-23,Completed
O10136,PL011,And,837,2025-02-02,In Progress
O10137,PL027,Look,39,2024-05-15,In Progress
O10138,PL014,Sea,411,2025-04-28,Completed
O10139,PL033,Decide,900,2023-07-26,Cancelled
O10140,PL029,Action,231,2025-03-13,Completed
O10141,PL026,Seven,474,2025-06-04,Cancelled
O10142,PL021,Clear,496,2023-12-12,Completed
O10143,PL004,Tree,536,2025-02-12,Pending
O10144,PL010,Place,278,2024-08-19,In Progress
O10145,PL008,So,198,2025-05-31,In Progress
O10146,PL016,Window,740,2024-10-07,Completed
O10147,PL011,Debate,266,2025-05-25,Pending
O10148,PL040,List,919,2025-03-18,Pending
O10149,PL006,Mention,694,2024-02-04,In Progress
O10150,PL035,Various,934,2024-12-29,Cancelled
O10151,PL035,Baby,597,2023-08-01,Pending
O10152,PL020,This,280,2024-01-04,Pending
O10153,PL017,Have,441,2024-04-25,In Progress
O10154,PL050,Forward,60,2024-05-11,Completed
O10155,PL050,Smile,804,2023-08-21,In Progress
O10156,PL041,Theory,115,2025-03-13,In Progress
O10157,PL027,Quickly,351,2024-04-06,Completed
O10158,PL023,Teacher,897,2025-04-27,Pending
O10159,PL037,Thought,880,2023-12-25,Cancelled
O10160,PL015,Call,841,2024-06-15,Pending
O10161,PL040,Cover,93,2023-09-13,Cancelled
O10162,PL047,Car,252,2025-02-14,Pending
O10163,PL022,Budget,625,2025-04-02,Completed
O10164,PL017,Media,466,2023-10-01,Cancelled
O10165,PL027,Contain,442,2024-07-22,Pending
O10166,PL041,Mission,347,2023-09-20,In Progress
O10167,PL021,Open,394,2024-05-17,In Progress
O10168,PL034,Official,632,2025-02-02,Cancelled
O10169,PL017,Sea,412,2024-09-21,Pending
O10170,PL007,Trouble,993,2024-03-30,Cancelled
O10171,PL018,Skin,653,2023-12-30,In Progress
O10172,PL037,Benefit,278,2025-04-06,Pending
O10173,PL008,Crime,99,2023-09-29,In Progress
O10174,PL034,Both,4,2023-07-20,Cancelled
O10175,PL050,Professional,457,2023-08-18,Completed
O10176,PL013,Environmental,433,2023-11-19,Pending
O10177,PL046,Matter,813,2023-09-19,Completed
O10178,PL031,Them,224,2024-04-05,Pending
O10179,PL046,More,715,2024-01-28,Pending
O10180,PL045,Nice,539,2024-12-16,Cancelled
O10181,PL018,Artist,574,2023-08-14,Cancelled
O10182,PL007,Federal,635,2024-10-29,In Progress
O10183,PL032,Either,851,2025-05-23,Cancelled
O10184,PL005,Shoulder,940,2023-10-13,Cancelled
O10185,PL005,Night,169,2025-04-25,Pending
O10186,PL047,Day,939,2025-01-06,Pending
O10187,PL020,Kitchen,699,2023-07-13,Pending
O10188,PL035,Deal,214,2024-08-17,Cancelled
O10189,PL016,Form,174,2024-02-16,Completed
O10190,PL018,Thank,462,2023-09-30,In Progress
O10191,PL011,Southern,71,2023-10-01,In Progress
O10192,PL002,Yard,720,2025-02-19,Completed
O10193,PL038,Fast,636,2023-06-30,In Progress
O10194,PL035,Usually,422,2024-10-24,Completed
O10195,PL010,How,704,2023-12-18,Completed
O10196,PL029,Personal,812,2024-09-23,Pending
O10197,PL002,Home,808,2025-04-13,Pending
O10198,PL021,Glass,566,2025-02-19,Cancelled
O10199,PL026,Box,489,2023-07-31,In Progress
O10200,PL020,Close,117,2023-12-09,Cancelled
O10201,PL009,Pm,143,2025-05-09,Cancelled
O10202,PL037,Stage,535,2024-11-07,Cancelled
O10203,PL022,Next,252,2023-12-23,Pending
O10204,PL003,Political,943,2025-02-03,In Progress
O10205,PL014,His,870,2024-08-25,Pending
O10206,PL046,Participant,424,2025-01-08,Completed
O10207,PL029,Increase,950,2025-03-30,Completed
O10208,PL016,Goal,180,2024-03-27,In Progress
O10209,PL032,Country,604,2023-09-11,In Progress
O10210,PL022,Offer,182,2024-08-05,In Progress
O10211,PL029,Wear,216,2024-11-19,Completed
O10212,PL042,Suffer,748,2024-03-01,Cancelled
O10213,PL039,Like,946,2024-04-06,In Progress
O10214,PL030,Tonight,59,2023-08-02,Cancelled
O10215,PL043,Everybody,481,2025-04-24,In Progress
O10216,PL031,Others,813,2023-07-10,Pending
O10217,PL021,Couple,872,2023-09-02,Cancelled
O10218,PL020,Seven,407,2024-01-30,In Progress
O10219,PL009,Have,979,2024-02-09,Cancelled
O10220,PL007,Up,525,2024-10-14,Cancelled
O10221,PL017,War,589,2023-09-02,Cancelled
O10222,PL028,Student,869,2024-10-27,In Progress
O10223,PL050,Sign,356,2024-08-27,Pending
O10224,PL032,Organization,477,2023-09-08,In Progress
O10225,PL022,Huge,852,2024-03-20,Completed
O10226,PL044,Social,675,2023-10-01,In Progress
O10227,PL002,Property,328,2024-10-10,Completed
O10228,PL001,Wind,130,2024-04-26,Cancelled
O10229,PL036,Door,349,2025-04-02,Cancelled
O10230,PL011,Claim,546,2024-06-23,Cancelled
O10231,PL020,Response,469,2024-12-28,In Progress
O10232,PL009,Baby,602,2024-11-18,Completed
O10233,PL049,Marriage,769,2024-01-10,Pending
O10234,PL043,Republican,61,2023-09-09,Pending
O10235,PL006,Moment,658,2024-08-22,Completed
O10236,PL008,Fill,636,2023-12-04,In Progress
O10237,PL029,Until,309,2023-06-22,In Progress
O10238,PL013,Body,162,2025-02-13,Pending
O10239,PL006,Ten,989,2024-12-04,In Progress
O10240,PL041,May,54,2023-12-31,Cancelled
O10241,PL044,Science,341,2024-03-03,Cancelled
O10242,PL041,Father,309,2023-07-06,Cancelled
O10243,PL026,Where,896,2024-09-18,Pending
O10244,PL018,Determine,667,2023-12-25,Cancelled
O10245,PL034,Contain,868,2023-07-10,Completed
O10246,PL015,Artist,823,2024-07-01,In Progress
O10247,PL013,Do,854,2025-02-15,Pending
O10248,PL005,None,44,2025-02-01,Completed
O10249,PL021,Resource,678,2025-03-28,Pending
O10250,PL023,Month,143,2024-08-01,Completed
O10251,PL002,Million,82,2024-05-02,Pending
O10252,PL046,Such,64,2025-03-08,Completed
O10253,PL009,Cultural,457,2023-12-11,In Progress
O10254,PL031,Government,23,2023-08-16,Completed
O10255,PL015,Although,875,2023-12-07,In Progress
O10256,PL010,Fact,571,2024-02-11,Cancelled
O10257,PL018,My,781,2024-06-29,Completed
O10258,PL006,Else,837,2024-07-30,Completed
O10259,PL022,Service,240,2024-06-01,In Progress
O10260,PL022,Positive,418,2025-03-23,In Progress
O10261,PL037,Natural,367,2024-11-26,Pending
O10262,PL014,Discussion,246,2024-01-15,Completed
O10263,PL046,Various,696,2024-05-09,Pending
O10264,PL043,Guy,904,2024-04-22,Completed
O10265,PL001,Worker,92,2024-05-05,In Progress
O10266,PL048,Fund,423,2023-08-22,Cancelled
O10267,PL008,Exist,542,2023-08-22,Cancelled
O10268,PL032,Nice,388,2023-07-23,Completed
O10269,PL040,Low,656,2024-05-12,Completed
O10270,PL038,Must,189,2023-10-12,Cancelled
O10271,PL009,Line,712,2024-08-11,Pending
O10272,PL029,To,590,2024-08-11,In Progress
O10273,PL049,Especially,232,2024-05-22,In Progress
O10274,PL036,Dream,5,2024-07-11,Cancelled
O10275,PL009,Reveal,443,2024-05-23,Completed
O10276,PL012,Buy,945,2023-11-29,Completed
O10277,PL021,Position,545,2023-08-28,Cancelled
O10278,PL028,Hear,853,2024-04-14,Pending
O10279,PL036,Land,680,2023-09-29,Cancelled
O10280,PL022,Way,645,2024-11-07,Cancelled
O10281,PL002,Draw,716,2024-04-10,Cancelled
O10282,PL038,Lose,286,2025-01-22,Pending
O10283,PL030,Tv,195,2024-02-04,Completed
O10284,PL033,Current,40,2024-06-30,Pending
O10285,PL005,Gas,124,2024-09-02,Pending
O10286,PL028,Party,937,2024-10-17,In Progress
O10287,PL036,Conference,248,2024-09-06,Completed
O10288,PL013,Beautiful,715,2024-05-13,Cancelled
O10289,PL007,Science,424,2024-04-30,In Progress
O10290,PL003,Buy,922,2024-09-03,Cancelled
O10291,PL032,Pass,562,2024-10-28,Pending
O10292,PL024,Responsibility,628,2024-01-10,Cancelled
O10293,PL018,Decision,368,2024-09-17,Completed
O10294,PL022,Official,480,2024-12-27,In Progress
O10295,PL028,Region,276,2023-11-05,Pending
O10296,PL038,Toward,955,2024-07-24,In Progress
O10297,PL033,Son,431,2025-01-23,Cancelled
O10298,PL025,Sure,107,2024-06-24,Completed
O10299,PL011,Common,458,2025-03-02,Completed
O10300,PL031,Meeting,742,2025-05-17,Cancelled
O10301,PL019,Down,109,2023-12-09,Pending
O10302,PL018,Let,781,2024-06-11,Cancelled
O10303,PL037,Fund,519,2025-02-03,Completed
O10304,PL019,Service,292,2025-03-14,Cancelled
O10305,PL020,Eat,939,2024-11-18,Cancelled
O10306,PL023,Present,377,2023-10-06,In Progress
O10307,PL047,Two,378,2023-12-19,Completed
O10308,PL050,Whatever,51,2023-09-12,Pending
O10309,PL043,Protect,666,2025-06-13,Cancelled
O10310,PL030,Modern,609,2025-01-14,Pending
O10311,PL049,Culture,516,2024-11-25,Pending
O10312,PL022,Article,151,2023-07-22,Completed
O10313,PL018,Or,292,2024-06-13,Pending
O10314,PL017,Order,754,2024-04-04,Pending
O10315,PL019,Offer,971,2024-10-17,Cancelled
O10316,PL027,Black,357,2025-03-03,Completed
O10317,PL050,Agent,927,2024-05-24,Completed
O10318,PL013,Man,924,2024-01-21,Cancelled
O10319,PL030,Budget,787,2024-12-20,Cancelled
O10320,PL027,Whatever,296,2024-10-27,Completed
O10321,PL022,News,371,2025-03-22,Completed
O10322,PL039,View,133,2024-08-26,Pending
O10323,PL020,Hundred,330,2025-01-20,Cancelled
O10324,PL043,Water,540,2025-03-19,Completed
O10325,PL033,Such,627,2024-04-13,Pending
O10326,PL040,Include,588,2024-01-09,Completed
O10327,PL047,Policy,310,2025-01-14,Completed
O10328,PL002,Upon,257,2023-11-08,In Progress
O10329,PL007,Owner,320,2024-12-05,Pending
O10330,PL015,All,453,2024-04-01,In Progress
O10331,PL031,Left,856,2024-04-10,In Progress
O10332,PL021,Lot,610,2024-08-28,Cancelled
O10333,PL019,Me,700,2023-08-10,Pending
O10334,PL020,Share,610,2024-01-21,In Progress
O10335,PL047,Seat,314,2024-01-30,Cancelled
O10336,PL039,Across,673,2024-09-13,Cancelled
O10337,PL028,Wife,402,2024-05-13,Completed
O10338,PL024,Kind,978,2024-10-11,Pending
O10339,PL048,Positive,826,2023-08-26,Completed
O10340,PL012,Speech,515,2023-12-19,Completed
O10341,PL031,Door,402,2024-04-27,Completed
O10342,PL038,Church,780,2023-09-01,Completed
O10343,PL017,Leader,473,2024-02-25,Completed
O10344,PL029,Seek,57,2024-12-17,Pending
O10345,PL029,Story,370,2024-04-08,In Progress
O10346,PL011,Strategy,758,2023-09-12,Completed
O10347,PL029,Price,462,2024-06-03,Pending
O10348,PL034,Thought,353,2024-12-07,Cancelled
O10349,PL046,Financial,42,2025-06-08,Pending
O10350,PL019,Him,943,2024-10-18,Pending
O10351,PL042,Suddenly,179,2023-07-21,Completed
O10352,PL039,Stop,344,2024-10-30,Completed
O10353,PL022,Wish,380,2024-01-21,Cancelled
O10354,PL015,Cause,587,2024-10-25,Cancelled
O10355,PL030,Should,704,2025-03-22,In Progress
O10356,PL011,Prepare,771,2025-05-30,Pending
O10357,PL020,Everybody,424,2024-08-17,Pending
O10358,PL038,Rate,237,2023-11-13,Completed
O10359,PL018,Poor,917,2024-04-25,Completed
O10360,PL045,Any,4,2024-10-13,Pending
O10361,PL035,Item,754,2024-12-13,Cancelled
O10362,PL022,Increase,770,2024-11-21,In Progress
O10363,PL025,Magazine,127,2024-04-20,Completed
O10364,PL047,Fire,797,2024-03-25,In Progress
O10365,PL049,News,125,2024-03-22,Completed
O10366,PL043,Tv,214,2024-03-17,Completed
O10367,PL011,Official,284,2025-01-28,Pending
O10368,PL030,Mind,272,2023-10-10,In Progress
O10369,PL028,Certainly,488,2023-12-11,Cancelled
O10370,PL015,Image,720,2025-05-25,Cancelled
O10371,PL024,Need,939,2024-02-25,In Progress
O10372,PL039,Assume,556,2024-02-29,In Progress
O10373,PL003,Different,180,2023-11-28,Cancelled
O10374,PL032,Education,656,2025-05-19,In Progress
O10375,PL002,Happen,419,2023-08-02,In Progress
O10376,PL043,Play,15,2024-11-27,In Progress
O10377,PL012,Have,682,2023-08-12,Cancelled
O10378,PL024,Yet,159,2025-04-01,Cancelled
O10379,PL035,Husband,774,2024-10-28,Cancelled
O10380,PL032,Develop,529,2024-03-28,Completed
O10381,PL029,Commercial,117,2023-07-20,Completed
O10382,PL037,War,654,2024-10-24,Pending
O10383,PL024,Machine,479,2024-02-01,Cancelled
O10384,PL009,Film,150,2025-04-28,Cancelled
O10385,PL042,Beat,340,2024-11-13,Cancelled
O10386,PL020,Use,44,2024-07-12,Completed
O10387,PL012,Who,821,2024-09-24,Completed
O10388,PL006,Name,113,2024-10-15,Cancelled
O10389,PL022,Deal,745,2024-07-17,In Progress
O10390,PL043,Mission,312,2024-05-27,Pending
O10391,PL031,Be,397,2024-12-04,Pending
O10392,PL025,Fish,25,2025-01-19,Pending
O10393,PL045,Report,319,2025-02-10,Pending
O10394,PL031,Night,870,2023-08-29,Pending
O10395,PL004,Music,336,2025-06-10,Cancelled
O10396,PL015,Get,823,2023-09-29,Pending
O10397,PL014,Institution,90,2024-12-18,Completed
O10398,PL006,Lead,514,2024-08-13,Completed
O10399,PL007,Enjoy,372,2024-12-01,In Progress
O10400,PL046,Store,854,2024-01-16,Pending
O10401,PL005,Save,627,2023-09-06,Completed
O10402,PL031,Reach,774,2023-08-26,In Progress
O10403,PL039,Two,789,2024-02-21,Completed
O10404,PL015,Different,232,2024-01-17,In Progress
O10405,PL029,Activity,136,2024-01-27,Pending
O10406,PL030,Sport,394,2023-07-26,Completed
O10407,PL045,Account,141,2024-11-02,Completed
O10408,PL017,Nor,12,2025-01-04,In Progress
O10409,PL015,Reveal,819,2023-09-01,In Progress
O10410,PL034,Resource,488,2025-04-23,Cancelled
O10411,PL020,Democratic,180,2025-02-27,Pending
O10412,PL010,White,207,2025-03-31,Completed
O10413,PL043,Who,421,2025-05-15,Cancelled
O10414,PL001,What,496,2024-01-16,In Progress
O10415,PL012,Glass,894,2024-08-01,Pending
O10416,PL016,Economy,889,2025-02-26,Pending
O10417,PL010,Late,854,2023-09-23,Completed
O10418,PL027,Bank,415,2025-05-08,Completed
O10419,PL021,Million,492,2024-01-05,In Progress
O10420,PL010,Green,919,2024-08-07,Completed
O10421,PL009,Small,954,2024-11-12,Completed
O10422,PL032,Yard,738,2024-10-03,Pending
O10423,PL043,Accept,769,2025-05-11,Cancelled
O10424,PL030,Most,835,2025-03-21,In Progress
O10425,PL044,Face,25,2024-10-05,In Progress
O10426,PL048,Whatever,509,2024-10-07,In Progress
O10427,PL021,Attack,388,2024-10-26,In Progress
O10428,PL002,Image,893,2025-02-23,In Progress
O10429,PL007,Manager,528,2023-12-11,Pending
O10430,PL047,Produce,464,2024-09-22,Cancelled
O10431,PL018,Develop,97,2024-01-17,In Progress
O10432,PL022,Population,115,2024-10-26,Cancelled
O10433,PL042,Next,644,2024-12-28,In Progress
O10434,PL043,Pay,719,2023-07-28,Completed
O10435,PL030,Arm,346,2023-10-08,In Progress
O10436,PL045,Before,870,2024-09-22,Cancelled
O10437,PL004,Want,374,2024-04-04,Cancelled
O10438,PL003,Public,165,2024-04-06,In Progress
O10439,PL004,Tough,159,2025-02-22,Pending
O10440,PL011,From,842,2023-08-31,In Progress
O10441,PL029,Forget,505,2024-05-29,Cancelled
O10442,PL022,Theory,220,2025-02-19,Completed
O10443,PL003,There,397,2024-08-26,Completed
O10444,PL026,Professional,162,2024-02-28,Completed
O10445,PL004,Teach,652,2024-11-27,Cancelled
O10446,PL030,Yes,607,2024-04-25,Completed
O10447,PL024,Rule,898,2025-02-11,Pending
O10448,PL039,Including,363,2023-10-29,In Progress
O10449,PL032,Step,192,2024-12-05,Pending
O10450,PL014,Beat,219,2024-04-08,In Progress
O10451,PL009,Heavy,18,2024-10-11,Cancelled
O10452,PL026,Democrat,405,2024-05-04,In Progress
O10453,PL023,Might,849,2024-04-26,In Progress
O10454,PL027,Human,21,2024-09-25,Cancelled
O10455,PL046,Offer,322,2023-11-27,Pending
O10456,PL019,Its,626,2025-05-03,Pending
O10457,PL041,Federal,723,2024-06-30,Completed
O10458,PL024,Drive,948,2023-06-20,Pending
O10459,PL017,Argue,610,2023-07-05,Cancelled
O10460,PL001,Congress,14,2024-05-14,Pending
O10461,PL027,Yes,120,2024-08-02,Completed
O10462,PL044,Knowledge,486,2025-06-05,In Progress
O10463,PL031,Shoulder,697,2024-12-02,Completed
O10464,PL037,More,978,2024-04-29,Completed
O10465,PL038,Piece,276,2024-12-16,Cancelled
O10466,PL042,Necessary,183,2023-10-27,Completed
O10467,PL002,Week,627,2024-09-23,Completed
O10468,PL029,Out,532,2023-08-20,Pending
O10469,PL019,Beat,506,2024-09-16,Pending
O10470,PL033,Term,389,2025-01-20,Cancelled
O10471,PL046,Nice,764,2023-11-03,Pending
O10472,PL016,Although,235,2023-07-13,In Progress
O10473,PL006,Surface,645,2025-06-15,Pending
O10474,PL034,Truth,334,2025-04-03,Pending
O10475,PL031,Clearly,69,2023-09-28,Pending
O10476,PL021,Simple,64,2024-07-21,Cancelled
O10477,PL017,Local,441,2025-06-06,Pending
O10478,PL034,Personal,705,2024-01-09,In Progress
O10479,PL006,Boy,6,2023-06-20,In Progress
O10480,PL015,Ability,618,2023-09-09,Completed
O10481,PL015,Property,752,2023-06-29,In Progress
O10482,PL047,Her,365,2024-06-21,Cancelled
O10483,PL025,Market,65,2023-09-03,Completed
O10484,PL044,Major,753,2024-10-19,Pending
O10485,PL031,Eat,383,2025-06-09,Cancelled
O10486,PL028,Sport,943,2025-02-28,In Progress
O10487,PL049,Finally,474,2025-05-26,Cancelled
O10488,PL035,Sign,722,2024-08-26,Completed
O10489,PL011,One,463,2023-08-25,In Progress
O10490,PL048,Know,328,2023-06-26,Cancelled
O10491,PL032,Under,550,2024-02-19,Pending
O10492,PL026,Region,502,2023-10-07,Pending
O10493,PL036,Through,453,2025-06-16,Cancelled
O10494,PL050,Politics,222,2024-10-16,Pending
O10495,PL040,Employee,96,2024-07-17,Pending
O10496,PL012,Throughout,928,2025-02-16,In Progress
O10497,PL036,Economy,814,2023-07-06,Completed
O10498,PL026,Within,870,2024-02-07,Completed
O10499,PL015,History,321,2023-11-10,Completed
O10500,PL005,Speak,99,2024-03-27,Cancelled
O10501,PL032,Why,442,2024-03-27,In Progress
O10502,PL016,Still,284,2023-07-02,In Progress
O10503,PL031,Another,434,2023-11-13,In Progress
O10504,PL021,Consider,297,2025-04-26,Cancelled
O10505,PL049,Necessary,884,2024-05-16,Completed
O10506,PL001,Look,162,2023-09-05,In Progress
O10507,PL026,Effect,552,2024-03-14,Pending
O10508,PL047,Huge,323,2025-04-04,Completed
O10509,PL049,Like,87,2024-01-14,Completed
O10510,PL011,Fund,976,2024-11-05,Pending
O10511,PL043,Black,982,2023-07-09,Completed
O10512,PL029,Lawyer,257,2025-03-12,Cancelled
O10513,PL016,Strong,761,2023-12-22,Completed
O10514,PL050,Technology,18,2024-10-30,Completed
O10515,PL004,Herself,981,2024-06-29,In Progress
O10516,PL031,Lawyer,983,2024-05-19,In Progress
O10517,PL012,Fish,167,2024-11-25,Completed
O10518,PL044,Might,489,2024-11-09,Cancelled
O10519,PL008,Whom,264,2024-08-17,Pending
O10520,PL003,Score,136,2024-09-15,In Progress
O10521,PL010,Business,331,2025-06-10,Completed
O10522,PL037,Goal,40,2024-11-15,In Progress
O10523,PL011,Language,519,2025-05-10,Pending
O10524,PL028,Congress,485,2025-01-28,In Progress
O10525,PL033,Blue,460,2024-08-17,Pending
O10526,PL036,Realize,146,2023-06-23,Completed
O10527,PL009,Everything,955,2025-03-05,Cancelled
O10528,PL032,Interview,369,2024-06-07,Completed
O10529,PL047,Road,410,2023-12-16,Pending
O10530,PL015,Collection,370,2023-12-01,Pending
O10531,PL012,Series,324,2025-03-02,Completed
O10532,PL046,Fund,287,2024-11-14,Completed
O10533,PL022,Pay,339,2024-02-25,Completed
O10534,PL014,Stuff,589,2023-10-31,In Progress
O10535,PL038,Land,683,2024-09-16,Cancelled
O10536,PL006,Again,388,2025-03-15,Pending
O10537,PL001,Happy,530,2024-12-04,Completed
O10538,PL047,Drop,548,2024-08-18,Pending
O10539,PL020,Conference,872,2024-09-05,In Progress
O10540,PL019,Loss,844,2023-11-27,In Progress
O10541,PL038,Sound,585,2024-07-24,Completed
O10542,PL027,Job,272,2025-06-15,Cancelled
O10543,PL003,Determine,747,2024-01-01,Pending
O10544,PL021,Soon,845,2024-04-16,In Progress
O10545,PL043,Worry,908,2024-10-03,In Progress
O10546,PL043,Nice,147,2025-01-24,Pending
O10547,PL026,Man,295,2023-11-08,Completed
O10548,PL023,Both,643,2024-09-28,Pending
O10549,PL046,Degree,335,2024-06-10,Pending
O10550,PL023,Hope,71,2024-03-24,Cancelled
O10551,PL025,Strong,102,2023-07-27,In Progress
O10552,PL038,Top,852,2025-03-04,Completed
O10553,PL033,Similar,636,2024-11-19,In Progress
O10554,PL040,Southern,670,2024-08-15,Completed
O10555,PL003,Increase,363,2023-07-15,Completed
O10556,PL010,Size,168,2025-02-13,Completed
O10557,PL035,Reveal,97,2024-05-20,In Progress
O10558,PL016,Us,337,2025-03-15,In Progress
O10559,PL048,Charge,983,2025-05-28,Completed
O10560,PL022,Understand,915,2025-03-27,Cancelled
O10561,PL039,Hundred,94,2024-01-09,Completed
O10562,PL011,Friend,883,2023-06-24,Completed
O10563,PL036,Grow,856,2025-02-19,Completed
O10564,PL024,Social,326,2024-04-30,Cancelled
O10565,PL029,Practice,533,2024-03-30,Completed
O10566,PL018,His,320,2023-12-12,In Progress
O10567,PL003,Hundred,328,2025-02-23,Completed
O10568,PL005,Respond,668,2025-02-11,In Progress
O10569,PL021,Experience,251,2023-11-09,Pending
O10570,PL040,Professor,842,2024-07-21,Cancelled
O10571,PL013,Occur,979,2024-08-03,Pending
O10572,PL049,Write,898,2024-03-25,Cancelled
O10573,PL016,Truth,16,2025-03-12,Cancelled
O10574,PL040,Term,27,2025-02-25,In Progress
O10575,PL014,His,689,2024-05-04,Pending
O10576,PL044,Seem,662,2024-03-29,Completed
O10577,PL036,Few,4,2024-06-16,Completed
O10578,PL001,Part,650,2024-03-30,Completed
O10579,PL015,Firm,423,2025-03-11,Cancelled
O10580,PL002,Land,332,2023-08-01,In Progress
O10581,PL038,Clear,328,2024-12-03,Cancelled
O10582,PL010,Democratic,499,2023-12-22,In Progress
O10583,PL049,Argue,5,2025-03-09,Completed
O10584,PL044,International,179,2024-12-19,Cancelled
O10585,PL002,Long,631,2025-06-11,Cancelled
O10586,PL037,Much,140,2024-07-06,In Progress
O10587,PL027,Society,955,2023-06-23,Cancelled
O10588,PL037,Prepare,554,2023-12-29,In Progress
O10589,PL006,Pay,691,2024-12-10,In Progress
O10590,PL038,Avoid,374,2024-06-10,Pending
O10591,PL049,Hour,842,2023-09-26,Completed
O10592,PL010,Face,846,2024-10-28,Cancelled
O10593,PL027,Cup,476,2025-02-21,Completed
O10594,PL013,Popular,976,2025-04-06,Completed
O10595,PL046,Town,683,2024-03-08,Completed
O10596,PL032,Expect,529,2024-06-22,Pending
O10597,PL043,Teach,318,2023-12-31,Pending
O10598,PL018,Knowledge,788,2023-07-08,Cancelled
O10599,PL045,Personal,727,2024-07-16,Cancelled
O10600,PL037,Fly,656,2023-11-05,In Progress
O10601,PL002,Start,668,2024-01-28,Pending
O10602,PL050,Another,222,2024-09-09,Cancelled
O10603,PL021,Impact,105,2024-02-29,In Progress
O10604,PL025,Likely,596,2024-12-26,Completed
O10605,PL048,Writer,75,2023-11-29,In Progress
O10606,PL036,Role,737,2023-10-03,In Progress
O10607,PL049,Current,526,2023-11-01,In Progress
O10608,PL023,Everyone,448,2024-10-03,In Progress
O10609,PL015,Team,321,2023-06-26,Completed
O10610,PL008,Hold,686,2024-01-20,Cancelled
O10611,PL039,Bring,937,2024-01-05,Completed
O10612,PL036,Six,388,2025-05-21,Cancelled
O10613,PL037,Save,812,2024-06-17,Cancelled
O10614,PL013,State,259,2023-07-21,Completed
O10615,PL005,Book,318,2024-04-09,Completed
O10616,PL046,Human,41,2025-01-18,Completed
O10617,PL010,Author,997,2024-08-14,Pending
O10618,PL041,Thought,620,2024-09-18,Completed
O10619,PL040,Step,339,2024-02-09,Completed
O10620,PL001,Everyone,173,2023-10-17,Pending
O10621,PL015,Republican,665,2024-05-20,Pending
O10622,PL004,Base,235,2025-04-21,Cancelled
O10623,PL024,Participant,438,2024-07-15,Cancelled
O10624,PL026,These,134,2025-03-11,In Progress
O10625,PL018,Carry,687,2024-12-02,Cancelled
O10626,PL005,School,786,2024-12-22,Cancelled
O10627,PL030,Determine,579,2024-07-18,In Progress
O10628,PL011,Seven,213,2024-03-05,Pending
O10629,PL042,Study,299,2024-02-07,In Progress
O10630,PL014,Country,846,2024-01-24,Cancelled
O10631,PL016,Truth,687,2025-03-16,In Progress
O10632,PL003,Our,851,2025-01-21,Pending
O10633,PL008,Wait,509,2024-03-08,Pending
O10634,PL037,Per,853,2023-09-23,Pending
O10635,PL013,Sense,87,2024-08-21,Cancelled
O10636,PL015,White,771,2023-11-12,Pending
O10637,PL019,Author,828,2024-03-07,Pending
O10638,PL036,Site,434,2023-08-19,Pending
O10639,PL028,Ahead,618,2025-05-25,Pending
O10640,PL001,Daughter,163,2024-10-22,In Progress
O10641,PL010,Song,514,2024-10-23,Cancelled
O10642,PL034,Plant,457,2024-05-07,Completed
O10643,PL004,Manager,264,2025-03-12,Pending
O10644,PL044,Should,565,2023-07-06,Completed
O10645,PL040,Seek,818,2023-06-22,Cancelled
O10646,PL016,World,272,2024-04-03,Completed
O10647,PL012,Yes,761,2024-12-31,In Progress
O10648,PL035,Report,77,2025-03-08,In Progress
O10649,PL032,When,352,2025-01-22,Completed
O10650,PL010,Head,554,2024-06-15,In Progress
O10651,PL047,Whatever,133,2023-10-30,Pending
O10652,PL038,Book,666,2023-10-11,Cancelled
O10653,PL010,Finish,178,2024-03-01,Cancelled
O10654,PL012,Money,245,2024-12-03,Completed
O10655,PL005,Institution,190,2024-10-26,Pending
O10656,PL030,About,660,2025-01-12,In Progress
O10657,PL017,Another,474,2023-09-12,Completed
O10658,PL012,As,440,2024-09-25,In Progress
O10659,PL049,Strategy,815,2024-10-27,Completed
O10660,PL014,Try,232,2024-02-09,Completed
O10661,PL008,Leg,252,2023-09-06,Pending
O10662,PL043,Some,338,2023-06-21,In Progress
O10663,PL040,Red,578,2024-06-07,Completed
O10664,PL024,Final,928,2025-06-08,In Progress
O10665,PL036,Several,318,2024-06-27,Completed
O10666,PL016,Special,148,2023-10-22,In Progress
O10667,PL019,Fight,119,2023-09-18,Cancelled
O10668,PL014,Night,741,2025-01-17,Pending
O10669,PL020,Identify,656,2024-12-25,Pending
O10670,PL022,Exist,899,2023-12-28,Cancelled
O10671,PL028,Whom,722,2024-01-12,In Progress
O10672,PL003,Than,618,2023-09-05,Pending
O10673,PL041,Want,97,2024-03-07,Completed
O10674,PL002,World,488,2025-04-10,Cancelled
O10675,PL011,Purpose,215,2024-05-07,Cancelled
O10676,PL030,Material,744,2023-12-09,Completed
O10677,PL036,Crime,654,2025-01-27,Pending
O10678,PL032,Long,337,2024-07-27,In Progress
O10679,PL040,Commercial,931,2024-06-17,In Progress
O10680,PL005,Experience,762,2023-11-10,In Progress
O10681,PL034,Choice,215,2025-06-03,Pending
O10682,PL049,Set,477,2024-12-21,In Progress
O10683,PL005,Weight,122,2024-04-19,Cancelled
O10684,PL030,Miss,490,2024-10-12,Pending
O10685,PL046,Not,728,2025-01-08,Pending
O10686,PL010,Provide,221,2025-06-02,Cancelled
O10687,PL042,Size,401,2024-06-11,Completed
O10688,PL038,Nor,271,2025-04-26,Completed
O10689,PL020,Future,89,2023-09-04,Cancelled
O10690,PL021,Society,124,2024-12-10,Pending
O10691,PL046,There,862,2025-01-31,Completed
O10692,PL016,Bag,466,2024-08-08,In Progress
O10693,PL040,Other,629,2024-05-22,Completed
O10694,PL001,Year,377,2023-06-28,Completed
O10695,PL044,Relationship,842,2024-07-03,Completed
O10696,PL025,Energy,261,2024-03-16,In Progress
O10697,PL011,Resource,943,2024-06-01,Pending
O10698,PL015,Side,157,2024-11-17,In Progress
O10699,PL010,Avoid,179,2023-08-08,Pending
O10700,PL027,Wide,50,2024-01-28,In Progress
O10701,PL031,Meet,847,2023-11-14,Completed
O10702,PL015,Money,975,2025-03-19,In Progress
O10703,PL049,History,740,2024-02-28,Completed
O10704,PL047,Become,118,2024-04-01,Cancelled
O10705,PL030,Film,390,2023-10-20,Completed
O10706,PL014,Myself,678,2024-08-27,Completed
O10707,PL007,Chair,632,2025-06-09,Completed
O10708,PL028,Impact,810,2023-10-14,Pending
O10709,PL004,Bit,583,2024-09-24,In Progress
O10710,PL005,Trip,466,2023-10-18,Pending
O10711,PL010,Trouble,287,2024-12-17,Cancelled
O10712,PL034,Position,817,2024-07-28,Pending
O10713,PL028,Rich,730,2024-11-13,Cancelled
O10714,PL025,Us,432,2023-12-25,Cancelled
O10715,PL038,Son,636,2024-03-20,Cancelled
O10716,PL043,Should,673,2025-04-15,Completed
O10717,PL001,Score,15,2024-09-17,Completed
O10718,PL035,All,283,2025-01-08,Cancelled
O10719,PL007,Form,484,2024-10-04,In Progress
O10720,PL006,Bank,890,2023-08-06,Completed
O10721,PL038,Worry,701,2024-01-09,Cancelled
O10722,PL015,Theory,143,2024-06-13,Cancelled
O10723,PL031,Language,210,2023-10-28,Pending
O10724,PL031,Family,972,2023-12-15,Completed
O10725,PL022,But,490,2025-01-21,Pending
O10726,PL019,Mind,272,2023-10-21,In Progress
O10727,PL007,Laugh,172,2025-04-15,In Progress
O10728,PL031,Sit,269,2024-08-03,In Progress
O10729,PL037,Watch,169,2024-01-09,In Progress
O10730,PL028,Top,172,2024-01-17,Cancelled
O10731,PL045,General,409,2024-11-05,Pending
O10732,PL017,For,152,2024-07-08,Cancelled
O10733,PL007,Method,22,2023-10-02,Cancelled
O10734,PL010,Prove,574,2025-05-28,Completed
O10735,PL021,Model,614,2023-09-23,Cancelled
O10736,PL044,Effect,551,2024-02-12,In Progress
O10737,PL008,Style,414,2023-08-09,Completed
O10738,PL003,Determine,607,2023-12-21,Cancelled
O10739,PL028,Single,381,2023-08-22,Completed
O10740,PL039,Speech,980,2024-01-19,Pending
O10741,PL042,Usually,422,2024-02-23,In Progress
O10742,PL017,Institution,862,2024-08-14,Completed
O10743,PL013,Despite,173,2024-01-12,Completed
O10744,PL008,Onto,736,2024-08-22,Cancelled
O10745,PL003,Argue,296,2023-11-16,Completed
O10746,PL022,Again,135,2024-09-28,Pending
O10747,PL024,Let,494,2024-11-18,Completed
O10748,PL032,Big,953,2024-08-20,Cancelled
O10749,PL039,Find,239,2024-10-18,Pending
O10750,PL005,Least,891,2024-09-21,Cancelled
O10751,PL023,Themselves,650,2024-09-22,Completed
O10752,PL001,Everyone,118,2024-01-02,Completed
O10753,PL027,Sea,685,2024-06-10,Pending
O10754,PL001,Join,246,2023-09-09,Cancelled
O10755,PL027,More,466,2025-04-11,Cancelled
O10756,PL034,Agree,979,2024-08-09,Completed
O10757,PL033,Well,664,2024-06-17,Pending
O10758,PL022,Chair,887,2025-04-13,In Progress
O10759,PL015,Site,378,2023-08-14,Pending
O10760,PL017,Program,689,2025-06-17,In Progress
O10761,PL021,Their,497,2024-10-20,Pending
O10762,PL036,Whose,638,2024-09-11,Cancelled
O10763,PL020,Shoulder,516,2024-11-04,Pending
O10764,PL044,Remember,851,2024-08-17,Completed
O10765,PL016,Whole,18,2025-01-30,Completed
O10766,PL023,Nice,9,2024-08-27,In Progress
O10767,PL008,Machine,722,2024-03-30,In Progress
O10768,PL044,She,136,2025-04-07,In Progress
O10769,PL027,Group,33,2024-10-07,Completed
O10770,PL004,Become,58,2024-08-18,Cancelled
O10771,PL022,More,609,2024-06-26,In Progress
O10772,PL036,Throughout,516,2024-05-19,Cancelled
O10773,PL042,Window,340,2024-07-19,In Progress
O10774,PL027,With,197,2024-06-05,Cancelled
O10775,PL013,Rise,272,2024-11-24,Cancelled
O10776,PL019,Or,919,2024-12-07,In Progress
O10777,PL013,Center,366,2023-06-27,Pending
O10778,PL033,Never,406,2023-12-16,Pending
O10779,PL022,Thank,121,2024-05-17,Completed
O10780,PL046,Nature,942,2025-04-16,In Progress
O10781,PL033,Operation,965,2024-03-06,Cancelled
O10782,PL023,Form,179,2024-06-15,Completed
O10783,PL049,Stop,781,2023-07-03,Cancelled
O10784,PL019,Threat,829,2024-12-08,Completed
O10785,PL008,Step,731,2025-06-12,In Progress
O10786,PL024,Six,445,2024-08-20,Cancelled
O10787,PL039,Drug,807,2024-10-30,Pending
O10788,PL037,Father,669,2025-02-12,Cancelled
O10789,PL044,Fine,775,2024-03-14,Pending
O10790,PL044,Remain,332,2023-08-01,In Progress
O10791,PL011,You,246,2024-09-03,Completed
O10792,PL020,Window,981,2025-04-03,In Progress
O10793,PL033,Seek,768,2024-11-12,Completed
O10794,PL004,Woman,283,2025-03-31,In Progress
O10795,PL011,Forward,39,2024-08-30,Pending
O10796,PL007,Experience,114,2025-04-08,Completed
O10797,PL035,Medical,789,2025-04-23,Completed
O10798,PL041,Easy,106,2023-12-08,Pending
O10799,PL019,From,582,2023-06-29,Completed
O10800,PL022,Draw,569,2023-09-10,Pending
O10801,PL046,Keep,356,2025-05-16,Completed
O10802,PL029,Property,828,2025-05-11,Cancelled
O10803,PL015,Admit,79,2023-11-16,Cancelled
O10804,PL046,Outside,777,2023-08-28,In Progress
O10805,PL031,Cause,251,2025-05-29,Completed
O10806,PL050,Move,995,2023-12-03,Completed
O10807,PL038,Sport,288,2024-08-23,Pending
O10808,PL027,Open,258,2024-02-21,In Progress
O10809,PL019,Finish,40,2023-07-12,In Progress
O10810,PL027,Music,268,2025-04-03,Completed
O10811,PL021,Piece,742,2025-01-11,In Progress
O10812,PL042,Subject,419,2024-04-13,Completed
O10813,PL015,Magazine,17,2024-01-14,Completed
O10814,PL012,Green,394,2024-02-05,Pending
O10815,PL013,Name,282,2023-10-27,In Progress
O10816,PL019,Social,377,2023-08-01,Completed
O10817,PL045,Political,133,2024-03-18,Pending
O10818,PL040,Easy,485,2025-05-18,Cancelled
O10819,PL016,Meet,698,2025-04-28,In Progress
O10820,PL023,Eye,837,2024-10-19,Pending
O10821,PL020,Including,888,2024-10-04,Cancelled
O10822,PL032,Range,490,2024-09-14,Completed
O10823,PL026,Against,373,2024-08-04,Pending
O10824,PL042,Professional,433,2025-02-24,In Progress
O10825,PL045,Style,7,2025-01-11,Pending
O10826,PL038,Already,690,2024-08-10,Cancelled
O10827,PL011,Explain,33,2023-08-06,Pending
O10828,PL007,Let,466,2023-07-27,Cancelled
O10829,PL022,Third,495,2024-03-30,In Progress
O10830,PL046,Point,467,2023-10-27,Pending
O10831,PL006,Open,88,2024-05-26,Completed
O10832,PL028,Analysis,437,2024-08-29,Completed
O10833,PL050,History,659,2023-12-02,In Progress
O10834,PL005,Go,431,2025-03-30,Completed
O10835,PL040,Face,550,2025-05-03,In Progress
O10836,PL038,Exist,495,2024-01-29,In Progress
O10837,PL016,Sure,293,2023-08-20,In Progress
O10838,PL005,Set,645,2023-08-13,In Progress
O10839,PL041,Man,399,2024-05-31,Cancelled
O10840,PL030,Than,227,2025-04-17,Cancelled
O10841,PL041,Environmental,929,2025-01-05,Cancelled
O10842,PL019,Business,831,2023-08-26,In Progress
O10843,PL009,Matter,937,2025-05-07,Completed
O10844,PL011,Sea,304,2024-06-23,Pending
O10845,PL015,Stop,272,2024-01-19,Pending
O10846,PL045,Happy,190,2025-05-15,Completed
O10847,PL024,None,393,2023-12-12,Completed
O10848,PL030,Also,337,2025-02-05,Cancelled
O10849,PL021,Season,611,2024-11-24,Completed
O10850,PL040,Building,995,2025-02-20,Completed
O10851,PL049,Need,252,2023-09-15,Completed
O10852,PL008,Analysis,186,2024-09-16,Completed
O10853,PL001,At,570,2023-10-09,Pending
O10854,PL030,Into,904,2024-07-15,Pending
O10855,PL014,Street,503,2025-05-04,Pending
O10856,PL040,Life,924,2024-07-27,In Progress
O10857,PL025,Whole,852,2024-10-06,In Progress
O10858,PL011,Modern,271,2024-03-24,Pending
O10859,PL010,Personal,942,2024-07-30,In Progress
O10860,PL032,Special,860,2025-02-04,Pending
O10861,PL045,Child,286,2024-01-02,Pending
O10862,PL036,Military,650,2024-11-02,Pending
O10863,PL025,Water,384,2023-08-14,Completed
O10864,PL003,Tv,288,2025-04-08,Pending
O10865,PL007,Weight,791,2024-08-30,Cancelled
O10866,PL011,Stay,908,2024-11-04,Pending
O10867,PL038,They,340,2025-05-17,Completed
O10868,PL014,Democrat,150,2024-11-28,Cancelled
O10869,PL005,Research,318,2024-09-28,Pending
O10870,PL049,Home,671,2025-06-07,Cancelled
O10871,PL006,South,244,2024-02-12,Cancelled
O10872,PL036,Statement,430,2025-04-16,In Progress
O10873,PL042,Must,347,2024-07-06,Completed
O10874,PL049,Fight,204,2024-11-11,Cancelled
O10875,PL026,She,24,2024-04-10,Pending
O10876,PL049,Still,837,2025-02-04,Cancelled
O10877,PL010,Article,936,2024-06-04,Pending
O10878,PL003,Support,266,2024-01-14,Cancelled
O10879,PL022,Become,377,2025-04-28,Pending
O10880,PL035,Act,310,2023-09-05,Cancelled
O10881,PL002,Try,328,2023-10-10,In Progress
O10882,PL003,Indeed,580,2025-04-17,In Progress
O10883,PL006,Enter,164,2025-06-14,In Progress
O10884,PL019,College,763,2025-04-17,Pending
O10885,PL045,Defense,140,2024-07-02,Pending
O10886,PL033,None,611,2024-09-04,Completed
O10887,PL031,Indicate,361,2023-11-21,Pending
O10888,PL003,Activity,76,2024-02-20,Cancelled
O10889,PL005,Member,407,2024-05-15,Completed
O10890,PL029,Guess,838,2025-03-31,Pending
O10891,PL031,Course,872,2024-05-31,Cancelled
O10892,PL011,Hear,946,2025-05-20,Cancelled
O10893,PL030,Air,701,2023-10-09,In Progress
O10894,PL050,Example,387,2024-03-20,In Progress
O10895,PL044,North,790,2024-05-22,Cancelled
O10896,PL005,Responsibility,146,2025-02-06,Pending
O10897,PL004,Wife,324,2024-09-06,In Progress
O10898,PL012,Moment,555,2023-08-22,Pending
O10899,PL044,Story,682,2023-07-13,In Progress
O10900,PL001,Suffer,735,2023-07-18,Pending
O10901,PL049,Find,541,2023-08-05,In Progress
O10902,PL045,Evidence,297,2024-03-27,Cancelled
O10903,PL011,Listen,685,2023-11-15,In Progress
O10904,PL031,Answer,114,2025-04-14,Cancelled
O10905,PL016,Line,110,2024-06-03,Cancelled
O10906,PL019,Side,431,2024-03-18,Pending
O10907,PL046,Expect,579,2025-01-22,Pending
O10908,PL042,Loss,710,2024-12-19,Pending
O10909,PL014,Us,611,2024-01-28,Completed
O10910,PL004,Imagine,193,2024-07-22,Completed
O10911,PL029,Every,317,2024-06-18,In Progress
O10912,PL036,Now,865,2023-12-12,In Progress
O10913,PL034,Cold,985,2024-05-25,Pending
O10914,PL015,Both,225,2025-06-09,In Progress
O10915,PL012,Practice,956,2025-06-13,In Progress
O10916,PL038,More,107,2023-12-26,Pending
O10917,PL019,Effort,329,2024-11-02,In Progress
O10918,PL025,End,540,2023-12-15,Cancelled
O10919,PL021,Save,30,2023-10-19,Pending
O10920,PL017,Community,46,2025-01-11,In Progress
O10921,PL011,Benefit,767,2023-07-21,Pending
O10922,PL014,We,311,2024-09-13,In Progress
O10923,PL002,Summer,154,2024-04-04,Completed
O10924,PL023,Record,645,2024-02-03,Pending
O10925,PL005,Through,334,2024-03-04,Completed
O10926,PL001,Form,68,2025-02-15,Completed
O10927,PL009,Article,626,2024-11-17,In Progress
O10928,PL050,About,914,2024-01-06,Pending
O10929,PL045,Garden,394,2025-03-18,Cancelled
O10930,PL019,Law,176,2025-01-25,Completed
O10931,PL050,Mission,201,2024-07-02,Pending
O10932,PL046,Professional,468,2023-06-23,In Progress
O10933,PL027,Good,740,2024-12-19,In Progress
O10934,PL018,Send,818,2024-05-16,Pending
O10935,PL007,Discover,388,2024-07-19,Completed
O10936,PL036,Determine,178,2023-08-28,Pending
O10937,PL019,Stand,754,2023-08-12,Pending
O10938,PL005,Lay,9,2024-09-10,In Progress
O10939,PL030,Idea,901,2023-06-24,Cancelled
O10940,PL042,Wind,543,2024-01-29,Completed
O10941,PL001,Wide,898,2023-12-10,In Progress
O10942,PL038,Civil,822,2023-09-25,In Progress
O10943,PL048,Suddenly,836,2024-02-03,Completed
O10944,PL025,Actually,652,2024-05-30,Pending
O10945,PL044,Here,791,2023-09-26,Completed
O10946,PL030,Strong,25,2024-03-31,Pending
O10947,PL029,Money,620,2024-03-26,Completed
O10948,PL026,Foot,93,2024-10-05,Completed
O10949,PL007,Hour,977,2025-01-20,In Progress
O10950,PL015,Course,573,2024-05-07,Pending
O10951,PL021,Dog,603,2025-03-05,Cancelled
O10952,PL047,Onto,428,2024-09-23,Completed
O10953,PL041,Final,81,2024-07-17,In Progress
O10954,PL007,Again,770,2024-12-27,Cancelled
O10955,PL038,You,796,2024-04-27,Completed
O10956,PL003,Suggest,445,2025-06-12,Pending
O10957,PL049,Note,345,2024-12-18,Completed
O10958,PL032,Hard,435,2025-02-28,Cancelled
O10959,PL003,Huge,165,2023-08-22,Completed
O10960,PL044,Though,19,2023-08-28,Cancelled
O10961,PL033,Mission,591,2024-12-28,In Progress
O10962,PL009,Win,753,2024-08-19,Pending
O10963,PL044,Society,248,2024-05-08,In Progress
O10964,PL031,Risk,570,2024-04-14,Pending
O10965,PL027,Involve,111,2024-06-30,In Progress
O10966,PL038,Or,420,2024-12-03,Cancelled
O10967,PL019,Certainly,767,2024-08-21,Completed
O10968,PL027,Body,241,2024-12-12,Completed
O10969,PL026,Yes,84,2023-07-10,Pending
O10970,PL046,Simple,542,2024-03-10,In Progress
O10971,PL015,Despite,214,2023-07-03,Cancelled
O10972,PL002,Fight,241,2024-03-06,Pending
O10973,PL018,Wear,28,2024-11-23,In Progress
O10974,PL027,Be,124,2025-05-17,In Progress
O10975,PL024,Region,446,2025-04-29,Pending
O10976,PL003,Test,538,2024-03-07,Completed
O10977,PL004,Try,522,2023-09-21,Completed
O10978,PL023,See,628,2024-10-12,Pending
O10979,PL027,Identify,667,2024-10-01,In Progress
O10980,PL034,Point,480,2024-09-30,Completed
O10981,PL020,Together,234,2024-06-08,In Progress
O10982,PL025,Practice,586,2024-06-21,Pending
O10983,PL021,Defense,101,2025-03-09,Pending
O10984,PL024,Word,653,2023-08-28,In Progress
O10985,PL045,Into,219,2025-05-22,Completed
O10986,PL020,Final,555,2025-02-24,Pending
O10987,PL022,Hand,857,2024-04-22,Completed
O10988,PL012,Value,415,2025-05-31,In Progress
O10989,PL039,Green,189,2023-10-22,Pending
O10990,PL015,So,639,2024-08-16,Completed
O10991,PL021,End,108,2024-10-21,In Progress
O10992,PL012,Main,296,2024-02-19,Pending
O10993,PL010,Perform,805,2024-08-22,Completed
O10994,PL050,Air,302,2025-01-01,In Progress
O10995,PL029,Finally,538,2025-02-08,Pending
O10996,PL033,Order,786,2023-09-17,In Progress
O10997,PL016,Party,803,2024-02-04,Cancelled
O10998,PL048,Someone,681,2024-08-20,In Progress
O10999,PL040,Speech,459,2024-08-17,In Progress
O11000,PL001,Rise,525,2023-10-04,Pending
O11001,PL047,Without,656,2023-06-22,In Progress
O11002,PL001,Do,119,2024-05-31,Cancelled
O11003,PL013,Camera,318,2025-02-17,Completed
O11004,PL010,Likely,334,2023-11-07,In Progress
O11005,PL032,Difference,391,2023-11-13,Completed
O11006,PL010,Short,529,2024-11-02,Completed
O11007,PL049,Lawyer,362,2023-08-25,Pending
O11008,PL014,Line,791,2024-12-08,Cancelled
O11009,PL030,Rise,257,2024-01-16,Completed
O11010,PL009,Particularly,47,2025-04-03,In Progress
O11011,PL049,Site,543,2024-03-22,Cancelled
O11012,PL024,Both,977,2023-09-14,Cancelled
O11013,PL009,Travel,18,2023-10-09,Cancelled
O11014,PL029,Great,961,2024-04-17,Cancelled
O11015,PL014,Central,566,2023-08-27,Completed
O11016,PL003,Cultural,72,2023-06-20,In Progress
O11017,PL019,Wife,397,2023-08-14,Completed
O11018,PL039,Well,957,2023-07-24,Cancelled
O11019,PL008,Idea,554,2024-03-25,In Progress
O11020,PL025,Degree,588,2023-07-05,Completed
O11021,PL034,Fund,728,2024-11-30,Cancelled
O11022,PL014,Future,946,2024-05-16,Pending
O11023,PL028,Success,812,2024-07-03,In Progress
O11024,PL025,Ball,142,2023-08-31,In Progress
O11025,PL043,Whether,1000,2024-09-22,Completed
O11026,PL041,For,314,2025-02-19,Cancelled
O11027,PL010,Word,925,2024-05-14,Cancelled
O11028,PL026,Adult,588,2023-07-02,Pending
O11029,PL047,Open,595,2023-12-13,Cancelled
O11030,PL032,House,764,2024-12-10,Cancelled
O11031,PL016,Art,472,2024-10-29,In Progress
O11032,PL002,Institution,738,2025-05-22,Pending
O11033,PL038,Recently,531,2023-10-13,Pending
O11034,PL006,Like,800,2024-10-23,In Progress
O11035,PL047,Various,972,2024-04-26,In Progress
O11036,PL035,Picture,722,2024-12-19,In Progress
O11037,PL016,Community,273,2024-03-15,Cancelled
O11038,PL004,Compare,396,2023-08-03,Pending
O11039,PL033,Dinner,394,2023-11-27,Completed
O11040,PL006,In,939,2024-05-23,Pending
O11041,PL022,Important,460,2024-09-08,Pending
O11042,PL012,Management,902,2023-11-02,Completed
O11043,PL049,Measure,795,2023-06-23,Completed
O11044,PL013,Person,877,2024-03-10,Pending
O11045,PL010,Dream,926,2025-04-20,Completed
O11046,PL047,Hot,777,2024-07-02,Cancelled
O11047,PL024,Water,631,2024-04-27,Cancelled
O11048,PL044,Person,186,2025-06-14,Pending
O11049,PL005,Sea,195,2025-01-09,Pending
O11050,PL040,Probably,306,2025-04-21,Pending
O11051,PL036,Perform,368,2024-08-18,Completed
O11052,PL042,Character,968,2024-04-24,Pending
O11053,PL027,Heavy,307,2024-03-12,Completed
O11054,PL011,Various,53,2025-02-23,In Progress
O11055,PL018,Couple,878,2024-01-28,Completed
O11056,PL036,Sit,473,2025-04-11,Pending
O11057,PL048,Play,163,2025-04-21,Cancelled
O11058,PL050,Can,614,2024-10-03,In Progress
O11059,PL022,Save,4,2025-01-20,Pending
O11060,PL014,Herself,30,2025-04-28,Completed
O11061,PL003,Rest,270,2024-09-17,Pending
O11062,PL044,Rate,994,2025-06-11,In Progress
O11063,PL044,Author,173,2024-12-21,Cancelled
O11064,PL004,Identify,948,2025-01-25,Cancelled
O11065,PL028,Race,106,2023-08-12,Pending
O11066,PL002,Though,703,2023-08-06,Pending
O11067,PL003,Church,805,2025-01-07,Pending
O11068,PL021,Born,533,2024-09-21,In Progress
O11069,PL049,Site,674,2024-06-14,Pending
O11070,PL028,West,246,2025-04-23,Pending
O11071,PL022,Establish,520,2025-02-21,Cancelled
O11072,PL028,Within,20,2024-08-17,Pending
O11073,PL027,Capital,179,2025-04-29,Cancelled
O11074,PL009,Whether,315,2024-06-02,Completed
O11075,PL028,Church,945,2024-01-05,Completed
O11076,PL046,Reach,913,2024-08-06,Completed
O11077,PL039,Film,375,2024-08-24,Cancelled
O11078,PL039,Rule,891,2023-09-07,In Progress
O11079,PL006,Prevent,335,2025-04-29,In Progress
O11080,PL037,Bill,971,2025-03-28,Pending
O11081,PL030,Near,400,2023-07-05,In Progress
O11082,PL015,Mind,619,2024-11-19,Completed
O11083,PL024,Fund,70,2023-08-19,Completed
O11084,PL005,Debate,973,2023-07-18,Cancelled
O11085,PL032,Doctor,896,2024-07-16,In Progress
O11086,PL019,Around,208,2024-08-01,Pending
O11087,PL017,Because,338,2025-04-25,Cancelled
O11088,PL010,Less,6,2025-01-04,In Progress
O11089,PL020,Economic,646,2023-12-31,Pending
O11090,PL008,Read,591,2023-11-30,Completed
O11091,PL049,Seven,255,2025-03-07,Pending
O11092,PL011,Difference,283,2025-04-22,Cancelled
O11093,PL007,Question,858,2024-01-07,Pending
O11094,PL005,Group,867,2024-06-20,Pending
O11095,PL016,Personal,98,2023-09-03,Completed
O11096,PL043,Recent,225,2023-12-18,In Progress
O11097,PL006,Employee,3,2024-04-25,In Progress
O11098,PL027,Trouble,635,2023-07-18,Completed
O11099,PL032,Hear,211,2024-11-21,Cancelled
O11100,PL032,Among,653,2023-08-10,Pending
O11101,PL006,Somebody,744,2025-02-18,In Progress
O11102,PL025,Last,8,2024-01-02,In Progress
O11103,PL031,Our,649,2024-05-01,Pending
O11104,PL017,Design,233,2023-07-28,Completed
O11105,PL029,Message,322,2024-01-25,In Progress
O11106,PL024,Guy,25,2023-09-18,Pending
O11107,PL045,Modern,176,2024-06-19,In Progress
O11108,PL008,Be,940,2024-03-07,Cancelled
O11109,PL030,Address,377,2024-04-05,In Progress
O11110,PL029,Couple,772,2025-02-27,Pending
O11111,PL049,Center,615,2024-03-07,Cancelled
O11112,PL045,Nature,52,2025-02-28,Cancelled
O11113,PL026,Society,371,2025-03-09,Completed
O11114,PL038,Strategy,531,2024-09-17,Pending
O11115,PL023,Analysis,262,2024-08-09,In Progress
O11116,PL024,Section,231,2024-05-01,Completed
O11117,PL019,Heart,823,2023-06-27,In Progress
O11118,PL009,Week,944,2024-07-25,Completed
O11119,PL022,Film,412,2025-03-12,Pending
O11120,PL036,Camera,473,2024-02-14,Pending
O11121,PL027,Lay,492,2023-09-29,In Progress
O11122,PL028,Listen,303,2024-02-04,Cancelled
O11123,PL031,Southern,759,2025-03-04,Completed
O11124,PL033,Build,686,2023-08-17,In Progress
O11125,PL024,Alone,422,2024-08-17,Completed
O11126,PL048,Black,727,2024-05-09,Cancelled
O11127,PL019,Nation,302,2024-05-21,Pending
O11128,PL043,Others,103,2023-08-24,Pending
O11129,PL002,Wide,126,2024-11-23,Completed
O11130,PL028,Language,841,2024-09-10,Completed
O11131,PL046,Occur,659,2024-05-28,Cancelled
O11132,PL036,Eat,724,2023-07-10,Completed
O11133,PL006,Western,721,2024-01-11,Pending
O11134,PL002,Institution,759,2023-12-27,In Progress
O11135,PL007,Finish,136,2024-08-31,Cancelled
O11136,PL014,Most,237,2025-05-05,In Progress
O11137,PL001,Herself,324,2024-10-26,Pending
O11138,PL040,Loss,593,2023-12-04,Pending
O11139,PL039,Close,30,2024-04-11,Completed
O11140,PL038,Their,886,2025-05-29,Cancelled
O11141,PL021,Turn,302,2023-09-02,Cancelled
O11142,PL017,Win,704,2024-03-29,Pending
O11143,PL011,Something,985,2024-12-09,Completed
O11144,PL019,Vote,899,2025-01-15,Cancelled
O11145,PL044,Reflect,510,2024-04-19,In Progress
O11146,PL034,White,867,2024-07-04,Pending
O11147,PL032,Anything,22,2025-01-17,Cancelled
O11148,PL002,Personal,807,2025-05-10,Cancelled
O11149,PL011,Art,530,2023-12-29,Pending
O11150,PL038,Alone,363,2024-05-26,Cancelled
O11151,PL032,Four,527,2025-02-10,In Progress
O11152,PL018,Environment,149,2023-11-04,Pending
O11153,PL050,Mrs,848,2024-04-05,Pending
O11154,PL019,Ahead,537,2024-09-26,Pending
O11155,PL026,Republican,174,2025-01-14,Cancelled
O11156,PL005,Single,572,2023-10-14,Pending
O11157,PL009,Most,614,2024-10-31,Cancelled
O11158,PL017,Cost,481,2025-05-15,Pending
O11159,PL048,Machine,403,2024-11-08,Cancelled
O11160,PL042,Not,156,2024-08-04,Completed
O11161,PL004,Behavior,519,2024-10-15,Pending
O11162,PL049,Seat,665,2023-07-13,Pending
O11163,PL004,Public,832,2023-09-21,Pending
O11164,PL028,Officer,46,2024-02-23,Cancelled
O11165,PL028,Without,409,2025-06-10,Completed
O11166,PL010,Board,669,2024-10-30,Cancelled
O11167,PL033,Recognize,848,2024-05-25,Completed
O11168,PL007,Away,817,2024-04-14,Pending
O11169,PL013,Whose,500,2024-03-01,Cancelled
O11170,PL039,Maybe,158,2023-11-25,In Progress
O11171,PL015,Degree,318,2024-07-08,Cancelled
O11172,PL007,Black,769,2024-11-25,Completed
O11173,PL002,Health,494,2024-07-08,Pending
O11174,PL033,Onto,374,2025-04-29,In Progress
O11175,PL010,President,784,2024-04-21,In Progress
O11176,PL009,Read,32,2023-07-29,Cancelled
O11177,PL028,Industry,368,2024-03-15,Cancelled
O11178,PL012,Determine,810,2025-03-09,Pending
O11179,PL005,Little,96,2025-05-26,Pending
O11180,PL030,Interesting,760,2024-11-16,In Progress
O11181,PL003,Major,378,2023-06-22,Cancelled
O11182,PL027,Full,103,2023-08-03,In Progress
O11183,PL015,Central,370,2023-10-03,Pending
O11184,PL041,About,460,2023-07-12,In Progress
O11185,PL049,Along,424,2025-04-25,In Progress
O11186,PL026,While,991,2024-01-20,In Progress
O11187,PL028,Degree,653,2023-11-07,Cancelled
O11188,PL042,Detail,715,2025-01-31,Completed
O11189,PL021,Executive,341,2023-10-07,In Progress
O11190,PL018,Key,440,2024-12-09,In Progress
O11191,PL042,Executive,656,2024-02-23,Completed
O11192,PL044,Than,69,2024-02-25,Cancelled
O11193,PL023,News,568,2023-12-12,Pending
O11194,PL037,Determine,176,2023-11-06,Cancelled
O11195,PL006,Those,310,2024-02-02,Pending
O11196,PL024,Task,911,2024-05-16,In Progress
O11197,PL010,Care,377,2025-01-02,Completed
O11198,PL037,Capital,490,2025-02-06,Cancelled
O11199,PL028,Customer,772,2024-06-27,Completed
O11200,PL033,Whatever,872,2024-08-13,Cancelled
O11201,PL004,Together,374,2023-08-20,Completed
O11202,PL031,Cold,11,2024-10-04,Pending
O11203,PL012,Central,386,2025-06-11,Pending
O11204,PL028,Talk,176,2023-08-20,Cancelled
O11205,PL028,Only,303,2024-08-23,In Progress
O11206,PL012,Rate,452,2025-04-21,Pending
O11207,PL047,Skill,913,2023-07-27,Pending
O11208,PL039,Third,64,2024-03-04,Completed
O11209,PL019,Leg,707,2025-03-14,Cancelled
O11210,PL042,Cover,714,2023-09-20,In Progress
O11211,PL046,Start,21,2025-01-14,Cancelled
O11212,PL035,Station,516,2025-04-04,Cancelled
O11213,PL016,State,869,2024-10-31,Cancelled
O11214,PL026,Force,751,2023-12-30,Cancelled
O11215,PL007,Task,494,2024-01-29,In Progress
O11216,PL049,Bar,50,2023-12-18,Cancelled
O11217,PL002,Sister,126,2025-05-03,In Progress
O11218,PL028,Myself,681,2024-01-18,Cancelled
O11219,PL015,Growth,771,2023-06-25,Pending
O11220,PL001,Among,554,2025-05-16,In Progress
O11221,PL022,Say,585,2023-08-05,In Progress
O11222,PL044,Site,32,2024-09-15,In Progress
O11223,PL021,Contain,519,2024-08-23,In Progress
O11224,PL040,Beyond,747,2024-06-03,Pending
O11225,PL046,Focus,148,2024-12-08,Pending
O11226,PL018,Play,208,2025-05-13,Pending
O11227,PL009,Fight,917,2024-06-17,Pending
O11228,PL028,Newspaper,800,2024-08-01,Pending
O11229,PL020,Chance,192,2024-08-30,Completed
O11230,PL015,Game,840,2023-11-23,Completed
O11231,PL035,Eight,203,2025-04-19,Completed
O11232,PL015,Sea,698,2023-08-24,Cancelled
O11233,PL045,Campaign,597,2023-09-05,Completed
O11234,PL034,Budget,940,2024-02-25,Pending
O11235,PL002,Mr,893,2023-09-15,Pending
O11236,PL009,Which,264,2025-05-13,Pending
O11237,PL038,Lawyer,392,2025-04-08,Cancelled
O11238,PL029,The,217,2023-10-15,Cancelled
O11239,PL004,Player,591,2024-02-25,In Progress
O11240,PL050,Wind,803,2024-02-13,Completed
O11241,PL049,Color,622,2025-04-01,Pending
O11242,PL046,Son,25,2025-04-13,In Progress
O11243,PL040,Stuff,206,2024-07-17,In Progress
O11244,PL001,Ahead,166,2024-01-16,In Progress
O11245,PL009,Establish,953,2023-08-09,Completed
O11246,PL035,Because,378,2024-11-05,Pending
O11247,PL040,Ahead,623,2025-06-06,Cancelled
O11248,PL029,Other,65,2025-03-07,In Progress
O11249,PL039,Public,420,2024-06-13,Cancelled
O11250,PL014,Lead,532,2023-10-12,In Progress
O11251,PL013,Present,318,2024-01-29,Pending
O11252,PL042,Year,28,2023-07-21,Cancelled
O11253,PL046,Seek,418,2024-07-20,Completed
O11254,PL046,Less,66,2024-11-21,Pending
O11255,PL013,Responsibility,823,2024-08-02,Cancelled
O11256,PL029,Bring,956,2024-10-29,Pending
O11257,PL028,Conference,156,2024-02-03,Completed
O11258,PL026,Number,337,2023-10-17,Completed
O11259,PL026,Oil,448,2025-06-02,In Progress
O11260,PL023,Still,246,2023-12-20,Pending
O11261,PL021,House,387,2023-08-14,In Progress
O11262,PL033,Natural,373,2023-11-21,Cancelled
O11263,PL023,National,937,2023-10-30,Pending
O11264,PL011,Once,647,2024-06-23,Completed
O11265,PL025,Pay,316,2024-05-04,Cancelled
O11266,PL034,Hit,3,2024-11-01,Cancelled
O11267,PL032,Soldier,613,2024-12-13,Pending
O11268,PL034,Down,535,2025-03-15,Cancelled
O11269,PL045,Southern,734,2024-11-02,Completed
O11270,PL029,Situation,107,2024-11-16,In Progress
O11271,PL013,Soldier,481,2023-07-15,Completed
O11272,PL018,Then,170,2023-10-31,Cancelled
O11273,PL022,Ok,304,2023-11-13,Completed
O11274,PL040,Fill,485,2025-01-20,Cancelled
O11275,PL014,Not,974,2023-10-30,Pending
O11276,PL016,Develop,228,2024-08-12,Completed
O11277,PL008,Allow,27,2023-11-24,Completed
O11278,PL012,Win,564,2024-06-01,Cancelled
O11279,PL020,However,500,2024-08-30,Completed
O11280,PL031,Team,839,2023-10-04,Pending
O11281,PL012,Commercial,884,2024-11-23,Pending
O11282,PL042,Authority,522,2025-05-31,Cancelled
O11283,PL044,Side,540,2023-10-29,Pending
O11284,PL023,Only,376,2024-03-22,In Progress
O11285,PL015,Meeting,301,2023-06-24,Pending
O11286,PL039,Either,200,2024-07-25,In Progress
O11287,PL020,Go,501,2024-07-06,Pending
O11288,PL036,Scientist,618,2023-12-25,Completed
O11289,PL014,Happen,467,2023-07-28,Pending
O11290,PL050,Pattern,318,2025-03-20,In Progress
O11291,PL037,Baby,635,2024-08-15,Completed
O11292,PL007,Outside,783,2024-08-27,Cancelled
O11293,PL024,Nature,239,2024-07-31,Cancelled
O11294,PL019,Decide,1000,2024-10-01,Cancelled
O11295,PL047,Decade,212,2023-10-07,Completed
O11296,PL027,Fall,903,2024-06-18,In Progress
O11297,PL012,Edge,590,2023-11-21,Pending
O11298,PL037,Each,88,2023-12-14,Completed
O11299,PL042,All,650,2023-08-27,Pending
O11300,PL048,Play,131,2024-01-11,Completed
O11301,PL042,Agree,928,2024-08-04,Pending
O11302,PL047,Also,630,2024-05-03,Cancelled
O11303,PL019,Weight,481,2023-10-17,In Progress
O11304,PL038,With,607,2024-06-12,Cancelled
O11305,PL042,Note,223,2024-12-31,Cancelled
O11306,PL030,Allow,500,2025-04-18,Pending
O11307,PL016,Former,336,2024-03-20,Completed
O11308,PL027,At,828,2025-02-10,Completed
O11309,PL016,Impact,954,2024-05-26,Cancelled
O11310,PL021,Their,405,2024-05-06,In Progress
O11311,PL020,Expert,520,2024-12-07,Pending
O11312,PL009,Popular,57,2024-09-11,Cancelled
O11313,PL029,Movement,742,2025-03-27,In Progress
O11314,PL005,Smile,694,2023-12-23,Cancelled
O11315,PL017,If,947,2025-02-16,Cancelled
O11316,PL043,Certainly,693,2024-05-13,Pending
O11317,PL041,Foot,630,2023-11-13,Cancelled
O11318,PL041,Young,119,2023-07-11,In Progress
O11319,PL035,Even,311,2024-10-17,Cancelled
O11320,PL005,Group,623,2024-09-30,Pending
O11321,PL015,American,592,2024-05-05,In Progress
O11322,PL044,Source,731,2024-01-10,Completed
O11323,PL022,As,877,2024-02-12,Pending
O11324,PL009,Policy,64,2024-10-05,Completed
O11325,PL049,If,390,2025-04-06,Pending
O11326,PL024,Professor,182,2024-06-08,Cancelled
O11327,PL001,Fine,105,2025-01-31,Pending
O11328,PL036,Best,759,2024-04-14,Cancelled
O11329,PL029,Effect,389,2023-11-26,Completed
O11330,PL014,Air,531,2024-10-27,Pending
O11331,PL045,Perhaps,921,2024-02-23,Pending
O11332,PL026,Which,34,2023-07-26,Pending
O11333,PL018,Keep,72,2024-01-31,Cancelled
O11334,PL002,Election,314,2024-04-23,Pending
O11335,PL029,Likely,309,2023-12-25,In Progress
O11336,PL015,Major,900,2024-11-24,In Progress
O11337,PL006,Receive,161,2024-08-14,Cancelled
O11338,PL029,Themselves,229,2024-06-09,Cancelled
O11339,PL022,Current,579,2024-06-30,In Progress
O11340,PL045,According,898,2024-12-20,Completed
O11341,PL047,Particularly,753,2025-02-28,Completed
O11342,PL012,Activity,712,2025-01-20,Cancelled
O11343,PL012,Such,761,2024-10-30,In Progress
O11344,PL025,Toward,757,2024-09-12,In Progress
O11345,PL039,Kid,210,2025-04-11,Pending
O11346,PL015,Area,854,2025-01-13,Completed
O11347,PL024,Stock,234,2024-11-19,Cancelled
O11348,PL020,Smile,846,2025-04-25,Cancelled
O11349,PL024,Picture,297,2024-03-27,Pending
O11350,PL013,Budget,463,2025-06-08,In Progress
O11351,PL009,Line,382,2025-05-29,Pending
O11352,PL050,Expert,819,2023-11-06,Cancelled
O11353,PL018,Majority,610,2024-12-18,Pending
O11354,PL048,Of,583,2024-11-11,Pending
O11355,PL049,Act,684,2023-11-22,Cancelled
O11356,PL043,Why,410,2024-04-02,In Progress
O11357,PL048,Beyond,962,2023-09-22,Completed
O11358,PL016,Action,810,2024-02-23,In Progress
O11359,PL024,Trade,507,2024-01-02,Cancelled
O11360,PL036,Number,854,2023-11-28,Pending
O11361,PL012,Morning,206,2025-05-26,Pending
O11362,PL031,Southern,711,2023-07-29,Completed
O11363,PL012,Maybe,11,2024-10-22,Cancelled
O11364,PL049,We,345,2024-08-31,In Progress
O11365,PL019,Language,141,2024-03-16,Completed
O11366,PL029,Tax,459,2024-08-08,Completed
O11367,PL017,Such,740,2025-01-25,Pending
O11368,PL031,Few,857,2024-09-02,In Progress
O11369,PL033,Lay,743,2023-10-27,Pending
O11370,PL003,Physical,134,2025-04-06,Pending
O11371,PL049,Result,210,2023-08-29,Completed
O11372,PL030,Its,194,2025-03-29,Completed
O11373,PL012,Third,926,2024-01-09,Completed
O11374,PL017,Grow,871,2024-05-02,In Progress
O11375,PL003,Baby,832,2023-08-30,In Progress
O11376,PL035,Management,327,2024-05-30,Pending
O11377,PL048,Pay,105,2023-08-16,Pending
O11378,PL021,Role,73,2024-07-18,Pending
O11379,PL033,Drop,80,2024-01-23,Cancelled
O11380,PL038,Current,910,2023-12-29,In Progress
O11381,PL015,Purpose,343,2025-04-06,In Progress
O11382,PL010,Radio,340,2024-02-09,Pending
O11383,PL016,Of,916,2024-08-26,In Progress
O11384,PL050,Policy,392,2025-01-27,Completed
O11385,PL014,Term,267,2023-10-26,Pending
O11386,PL019,Rest,599,2024-07-21,In Progress
O11387,PL012,Often,321,2025-05-24,In Progress
O11388,PL014,Soldier,984,2024-12-07,Completed
O11389,PL032,Make,435,2024-08-24,Pending
O11390,PL041,Care,717,2024-09-24,Cancelled
O11391,PL031,Present,950,2024-04-28,Cancelled
O11392,PL022,Street,21,2025-03-22,In Progress
O11393,PL048,Movement,521,2025-05-07,Cancelled
O11394,PL043,Boy,98,2024-09-29,Completed
O11395,PL011,Sign,179,2024-11-17,Pending
O11396,PL031,North,70,2024-02-09,Pending
O11397,PL037,Anyone,739,2024-03-29,Completed
O11398,PL046,Enough,962,2025-02-12,In Progress
O11399,PL003,Though,329,2024-03-30,Pending
O11400,PL025,Cause,97,2024-07-18,Pending
O11401,PL031,Drug,188,2024-04-08,In Progress
O11402,PL041,Oil,975,2024-07-28,Cancelled
O11403,PL028,Record,129,2023-11-18,In Progress
O11404,PL009,Say,363,2025-01-13,Cancelled
O11405,PL011,Show,727,2023-08-23,Completed
O11406,PL020,Activity,342,2024-08-13,In Progress
O11407,PL045,Idea,355,2025-03-16,Pending
O11408,PL001,Season,966,2023-08-17,Completed
O11409,PL042,Movie,400,2023-08-20,Pending
O11410,PL014,Same,426,2024-08-04,In Progress
O11411,PL029,Town,995,2024-11-23,In Progress
O11412,PL040,Key,2,2023-06-29,Pending
O11413,PL014,Son,895,2024-06-10,Cancelled
O11414,PL020,Form,169,2023-10-21,Cancelled
O11415,PL014,Degree,783,2023-10-15,Pending
O11416,PL028,Health,246,2025-04-16,Completed
O11417,PL006,Cover,342,2023-09-24,In Progress
O11418,PL022,Occur,353,2023-09-06,In Progress
O11419,PL044,Walk,551,2025-04-04,Completed
O11420,PL009,Development,865,2024-11-13,Pending
O11421,PL037,Lead,206,2024-07-13,In Progress
O11422,PL023,Economic,451,2024-10-11,Cancelled
O11423,PL026,Born,542,2024-09-22,Cancelled
O11424,PL050,This,905,2023-12-25,In Progress
O11425,PL015,Star,536,2024-07-31,In Progress
O11426,PL008,Deep,623,2024-04-15,In Progress
O11427,PL022,Bag,584,2023-12-14,Cancelled
O11428,PL033,Respond,358,2024-06-26,Pending
O11429,PL042,Family,614,2024-03-16,Pending
O11430,PL036,Continue,792,2025-01-08,In Progress
O11431,PL046,Him,24,2024-06-09,Pending
O11432,PL040,Small,43,2023-10-05,Completed
O11433,PL018,Born,233,2025-06-16,Completed
O11434,PL047,Thousand,144,2025-01-01,Cancelled
O11435,PL038,Military,44,2025-02-24,Cancelled
O11436,PL040,Increase,288,2024-08-01,Cancelled
O11437,PL013,Within,846,2023-07-04,Pending
O11438,PL038,Experience,248,2024-12-21,Pending
O11439,PL021,Case,343,2024-10-22,Completed
O11440,PL007,Term,989,2023-07-18,Cancelled
O11441,PL019,No,67,2024-12-30,Completed
O11442,PL032,Deal,590,2025-04-19,In Progress
O11443,PL034,Raise,74,2023-12-17,Pending
O11444,PL025,Financial,595,2024-12-04,In Progress
O11445,PL049,Few,684,2023-10-19,Pending
O11446,PL031,High,385,2024-05-02,In Progress
O11447,PL039,Let,121,2024-05-21,Completed
O11448,PL038,Keep,143,2024-04-19,Pending
O11449,PL004,Onto,108,2023-12-18,Cancelled
O11450,PL012,Center,149,2025-04-29,Completed
O11451,PL010,Whose,424,2025-04-10,In Progress
O11452,PL032,Painting,622,2024-12-28,In Progress
O11453,PL011,My,542,2023-12-23,Cancelled
O11454,PL008,Threat,352,2025-06-17,Pending
O11455,PL002,Tree,177,2024-02-18,Completed
O11456,PL031,Authority,134,2023-10-22,In Progress
O11457,PL026,Include,766,2024-12-29,Completed
O11458,PL031,Short,347,2025-01-15,In Progress
O11459,PL001,Whether,888,2024-10-12,In Progress
O11460,PL007,Apply,363,2024-04-01,Completed
O11461,PL033,Expert,349,2024-06-30,Pending
O11462,PL031,Short,336,2024-01-17,Completed
O11463,PL035,Later,696,2023-08-13,In Progress
O11464,PL042,Evidence,180,2024-12-31,Cancelled
O11465,PL005,Something,810,2024-05-17,Completed
O11466,PL028,Factor,359,2025-05-04,In Progress
O11467,PL012,Hair,900,2023-11-27,In Progress
O11468,PL009,Daughter,622,2025-02-11,Cancelled
O11469,PL014,Blood,285,2025-01-18,In Progress
O11470,PL037,Money,76,2023-09-24,In Progress
O11471,PL038,Nice,871,2025-01-06,Pending
O11472,PL022,Full,273,2024-02-25,Cancelled
O11473,PL035,Every,815,2023-06-27,In Progress
O11474,PL034,Better,22,2025-03-04,Pending
O11475,PL017,Development,291,2025-01-07,In Progress
O11476,PL029,Energy,74,2024-04-21,In Progress
O11477,PL021,Pick,688,2025-04-12,In Progress
O11478,PL047,At,70,2024-04-23,In Progress
O11479,PL015,Media,477,2024-02-14,Pending
O11480,PL036,Bar,952,2024-04-24,Pending
O11481,PL020,Character,631,2025-01-25,Cancelled
O11482,PL022,Computer,929,2024-05-12,In Progress
O11483,PL049,Economy,67,2024-07-04,Completed
O11484,PL011,Current,545,2024-12-01,In Progress
O11485,PL047,Price,584,2024-09-08,In Progress
O11486,PL042,Yard,328,2024-07-28,In Progress
O11487,PL023,Church,353,2023-08-23,Completed
O11488,PL044,Media,936,2024-06-03,Cancelled
O11489,PL005,Travel,29,2024-03-15,Cancelled
O11490,PL031,Ready,483,2024-06-01,In Progress
O11491,PL049,Save,365,2024-04-27,Cancelled
O11492,PL009,Unit,486,2024-01-09,Pending
O11493,PL034,Share,420,2025-04-06,Completed
O11494,PL044,Month,148,2024-02-25,Cancelled
O11495,PL040,Source,157,2023-07-18,In Progress
O11496,PL022,West,201,2024-01-04,Cancelled
O11497,PL014,Anyone,263,2025-03-14,Cancelled
O11498,PL049,Become,808,2025-02-07,Completed
O11499,PL038,Thousand,328,2023-11-28,In Progress
O11500,PL015,Article,66,2024-11-14,Pending
O11501,PL003,Member,572,2024-04-25,Pending
O11502,PL016,Produce,604,2025-03-16,Cancelled
O11503,PL026,Enter,973,2024-10-28,Cancelled
O11504,PL024,Thus,664,2023-08-23,In Progress
O11505,PL025,Less,892,2023-10-15,Pending
O11506,PL020,Local,490,2024-02-26,Cancelled
O11507,PL038,Add,422,2023-08-25,Completed
O11508,PL028,Man,163,2023-11-27,Pending
O11509,PL035,Career,960,2024-12-04,Cancelled
O11510,PL012,Might,737,2023-09-26,Cancelled
O11511,PL046,Teach,507,2024-01-10,Cancelled
O11512,PL001,Few,16,2024-01-18,Completed
O11513,PL027,Station,948,2024-12-29,Completed
O11514,PL036,Hospital,890,2023-09-29,In Progress
O11515,PL013,Single,382,2025-04-02,Completed
O11516,PL033,Hundred,173,2025-04-22,In Progress
O11517,PL038,Report,726,2025-03-17,Pending
O11518,PL044,Might,949,2024-08-28,In Progress
O11519,PL034,Throughout,915,2024-07-21,Cancelled
O11520,PL003,Provide,812,2023-08-11,In Progress
O11521,PL038,Land,591,2024-08-19,Pending
O11522,PL035,Very,606,2024-08-14,In Progress
O11523,PL030,Effort,387,2023-06-19,In Progress
O11524,PL025,Industry,443,2024-07-16,In Progress
O11525,PL010,Report,382,2023-11-17,Cancelled
O11526,PL008,Measure,597,2024-07-11,Pending
O11527,PL025,Expert,888,2023-11-06,Completed
O11528,PL034,Investment,661,2024-09-19,Completed
O11529,PL050,Vote,248,2024-01-21,Cancelled
O11530,PL016,Above,571,2023-08-16,Pending
O11531,PL050,Vote,456,2025-03-27,Completed
O11532,PL041,Majority,318,2023-06-22,Pending
O11533,PL033,To,223,2025-04-16,Cancelled
O11534,PL049,Water,89,2024-06-07,Pending
O11535,PL006,Measure,543,2024-11-11,In Progress
O11536,PL029,Ground,512,2024-12-16,Cancelled
O11537,PL035,Gas,968,2025-05-03,Pending
O11538,PL020,Box,864,2023-06-22,Completed
O11539,PL013,Stage,608,2025-06-10,Completed
O11540,PL034,Gun,152,2024-07-20,Pending
O11541,PL009,Might,443,2025-05-29,Pending
O11542,PL035,Yourself,154,2025-05-12,Pending
O11543,PL036,Action,810,2024-12-06,Pending
O11544,PL022,Save,262,2024-08-22,Completed
O11545,PL006,Carry,223,2024-01-22,Pending
O11546,PL006,Behind,483,2024-08-23,Cancelled
O11547,PL017,Performance,709,2025-04-06,Cancelled
O11548,PL045,Seat,597,2024-09-16,In Progress
O11549,PL007,Decision,387,2025-03-25,Cancelled
O11550,PL034,Camera,331,2023-12-29,Cancelled
O11551,PL040,Appear,219,2025-02-21,In Progress
O11552,PL012,Door,802,2024-07-01,Completed
O11553,PL022,Per,406,2023-07-09,In Progress
O11554,PL020,Quality,418,2025-01-04,Cancelled
O11555,PL026,Professional,236,2023-10-11,Cancelled
O11556,PL045,Fill,92,2023-08-08,Cancelled
O11557,PL026,Read,947,2023-08-05,In Progress
O11558,PL022,Life,191,2024-11-03,Completed
O11559,PL024,Meeting,186,2023-10-31,Cancelled
O11560,PL013,Represent,638,2024-12-25,In Progress
O11561,PL045,Cup,11,2023-11-12,Completed
O11562,PL015,Tonight,843,2025-04-09,In Progress
O11563,PL013,Example,87,2023-10-15,Completed
O11564,PL045,Human,556,2023-09-14,Pending
O11565,PL030,Short,244,2025-02-12,Completed
O11566,PL007,North,453,2025-03-17,Pending
O11567,PL016,Grow,673,2025-06-01,Cancelled
O11568,PL008,Case,618,2024-01-12,Pending
O11569,PL018,Ago,259,2024-01-29,Pending
O11570,PL026,Audience,546,2024-07-06,Pending
O11571,PL046,Scientist,711,2024-03-09,Cancelled
O11572,PL028,White,141,2023-11-10,Cancelled
O11573,PL041,Local,279,2024-05-13,Cancelled
O11574,PL027,Activity,591,2025-05-11,Cancelled
O11575,PL025,Measure,200,2023-09-26,Cancelled
O11576,PL022,Figure,332,2023-06-21,Completed
O11577,PL032,Detail,517,2023-11-19,Pending
O11578,PL041,President,386,2023-08-06,In Progress
O11579,PL001,Page,661,2024-03-31,Cancelled
O11580,PL040,Performance,837,2025-02-28,Cancelled
O11581,PL048,Speech,636,2024-03-13,In Progress
O11582,PL011,Ever,839,2025-03-31,In Progress
O11583,PL005,Resource,654,2024-05-08,In Progress
O11584,PL039,Herself,858,2024-05-09,In Progress
O11585,PL039,Help,748,2023-12-21,In Progress
O11586,PL008,Newspaper,82,2025-02-04,In Progress
O11587,PL013,Character,781,2023-08-09,Pending
O11588,PL034,Decade,549,2023-09-09,Pending
O11589,PL044,Political,231,2023-09-30,Pending
O11590,PL008,Either,613,2025-05-15,Pending
O11591,PL045,Week,297,2025-02-25,Pending
O11592,PL016,Heart,48,2024-10-29,Cancelled
O11593,PL015,Fight,210,2024-07-27,Cancelled
O11594,PL045,Former,303,2023-10-03,Pending
O11595,PL004,Necessary,942,2025-03-05,Cancelled
O11596,PL026,Trade,19,2023-12-28,Pending
O11597,PL045,Far,170,2024-07-13,Cancelled
O11598,PL028,Positive,489,2024-08-31,Completed
O11599,PL036,Goal,262,2025-06-06,Pending
O11600,PL031,Someone,498,2025-05-12,In Progress
O11601,PL043,Example,819,2024-09-06,Completed
O11602,PL050,Trouble,751,2024-08-07,In Progress
O11603,PL022,Simple,318,2023-10-11,Cancelled
O11604,PL007,Wrong,10,2025-02-09,Pending
O11605,PL019,Six,842,2023-06-26,Completed
O11606,PL050,Finally,287,2025-05-02,In Progress
O11607,PL006,Explain,393,2023-11-02,Pending
O11608,PL043,Necessary,947,2024-11-22,Pending
O11609,PL037,Beat,396,2023-11-20,In Progress
O11610,PL020,Church,81,2024-08-20,Cancelled
O11611,PL039,Instead,712,2025-01-01,In Progress
O11612,PL027,Finally,385,2023-09-23,Cancelled
O11613,PL047,Travel,10,2024-01-20,In Progress
O11614,PL045,Your,844,2024-03-07,Pending
O11615,PL022,According,997,2024-02-17,Completed
O11616,PL023,Run,383,2024-08-20,Cancelled
O11617,PL048,Data,590,2025-04-26,Pending
O11618,PL039,Grow,879,2023-12-02,Cancelled
O11619,PL035,Field,131,2023-07-08,In Progress
O11620,PL010,Industry,637,2025-04-21,Pending
O11621,PL020,Both,327,2024-05-09,In Progress
O11622,PL042,Power,196,2025-05-24,Pending
O11623,PL030,Information,295,2024-08-08,Completed
O11624,PL022,Several,961,2024-06-23,Cancelled
O11625,PL009,Research,184,2024-07-08,Completed
O11626,PL007,Right,499,2025-01-19,Pending
O11627,PL049,Difficult,756,2024-08-01,In Progress
O11628,PL049,Bank,695,2024-08-14,In Progress
O11629,PL045,During,459,2024-11-24,Pending
O11630,PL028,Him,267,2024-12-13,Pending
O11631,PL013,Fill,33,2023-10-28,Cancelled
O11632,PL023,Party,479,2023-06-30,Cancelled
O11633,PL050,Father,97,2024-03-22,In Progress
O11634,PL025,Put,224,2025-03-15,In Progress
O11635,PL005,Field,730,2025-02-26,In Progress
O11636,PL006,Less,149,2024-11-16,Cancelled
O11637,PL022,Talk,7,2024-01-22,In Progress
O11638,PL011,Position,506,2024-09-14,Completed
O11639,PL042,Prove,520,2025-02-21,In Progress
O11640,PL016,Course,705,2023-07-21,Completed
O11641,PL012,Key,978,2023-11-09,Completed
O11642,PL045,Environmental,231,2024-03-21,Pending
O11643,PL005,Red,575,2024-08-08,In Progress
O11644,PL042,Chance,94,2025-05-11,Completed
O11645,PL015,Produce,620,2025-01-02,Cancelled
O11646,PL034,Remain,72,2023-07-20,In Progress
O11647,PL035,Thing,419,2024-10-27,Pending
O11648,PL029,Save,586,2024-05-04,In Progress
O11649,PL009,Particularly,713,2024-03-31,Completed
O11650,PL048,Television,979,2025-04-18,Pending
O11651,PL024,Notice,355,2024-09-20,Completed
O11652,PL007,Director,414,2025-03-26,Cancelled
O11653,PL024,Miss,688,2023-11-01,Pending
O11654,PL039,Power,951,2023-11-21,Completed
O11655,PL030,Case,810,2024-12-05,In Progress
O11656,PL019,Seem,790,2023-06-25,Cancelled
O11657,PL025,Movie,644,2024-07-30,In Progress
O11658,PL026,Worker,103,2025-05-18,In Progress
O11659,PL045,Environmental,549,2024-01-15,In Progress
O11660,PL042,Opportunity,293,2025-04-25,Completed
O11661,PL040,Him,105,2024-02-25,Completed
O11662,PL041,Shake,910,2023-09-05,In Progress
O11663,PL020,In,754,2025-05-14,In Progress
O11664,PL048,Spend,162,2023-09-18,In Progress
O11665,PL041,History,472,2025-01-14,In Progress
O11666,PL010,Hour,514,2024-08-02,Pending
O11667,PL030,Set,451,2024-07-28,Pending
O11668,PL030,Culture,984,2025-05-11,In Progress
O11669,PL039,Now,547,2024-05-23,Pending
O11670,PL011,Next,972,2025-06-10,Cancelled
O11671,PL048,Instead,586,2025-03-13,Completed
O11672,PL026,Wear,504,2025-04-11,Cancelled
O11673,PL020,Attack,243,2023-08-20,Pending
O11674,PL030,Listen,987,2024-01-12,In Progress
O11675,PL042,War,486,2024-09-21,In Progress
O11676,PL021,Adult,430,2025-04-19,Cancelled
O11677,PL005,Get,809,2023-10-15,Completed
O11678,PL039,Admit,630,2024-03-08,Cancelled
O11679,PL013,Interest,249,2024-04-28,Pending
O11680,PL026,As,628,2024-11-10,Completed
O11681,PL036,Ever,418,2023-11-16,Cancelled
O11682,PL021,Above,689,2024-05-25,Cancelled
O11683,PL014,Republican,962,2025-01-07,Completed
O11684,PL031,Important,801,2024-04-13,Cancelled
O11685,PL037,Company,232,2023-10-26,Pending
O11686,PL049,The,828,2023-11-02,Pending
O11687,PL033,Option,236,2023-06-19,In Progress
O11688,PL028,A,749,2024-06-09,Completed
O11689,PL001,Though,317,2025-02-06,In Progress
O11690,PL031,Me,561,2023-10-28,Completed
O11691,PL038,Its,187,2024-11-27,In Progress
O11692,PL013,Cultural,556,2025-01-05,Cancelled
O11693,PL013,Also,787,2025-02-19,Pending
O11694,PL020,Cover,912,2024-04-22,Cancelled
O11695,PL028,Risk,764,2024-05-14,In Progress
O11696,PL039,Also,383,2025-04-12,Pending
O11697,PL027,Thousand,962,2025-06-01,Completed
O11698,PL041,Green,761,2025-06-06,Completed
O11699,PL024,Finally,451,2025-01-03,Pending
O11700,PL002,Member,527,2025-01-03,Completed
O11701,PL027,Top,741,2024-10-07,In Progress
O11702,PL042,Although,507,2023-08-29,In Progress
O11703,PL005,Anything,687,2025-03-05,In Progress
O11704,PL050,Upon,445,2023-06-22,Pending
O11705,PL019,Yeah,952,2024-06-07,Completed
O11706,PL028,Nearly,901,2024-12-25,Cancelled
O11707,PL042,Enter,963,2023-08-13,In Progress
O11708,PL032,Sell,894,2025-05-05,Cancelled
O11709,PL032,Score,102,2024-09-13,Cancelled
O11710,PL040,Model,237,2025-03-25,Completed
O11711,PL041,Outside,219,2025-05-23,In Progress
O11712,PL050,Science,792,2024-10-14,Pending
O11713,PL026,Account,356,2025-03-17,Pending
O11714,PL019,Suddenly,582,2024-08-26,Cancelled
O11715,PL024,Policy,869,2025-05-03,Pending
O11716,PL028,True,68,2025-01-20,In Progress
O11717,PL047,Sometimes,771,2024-01-28,Completed
O11718,PL046,Mean,276,2025-06-06,Completed
O11719,PL001,Realize,185,2023-10-13,Cancelled
O11720,PL032,Part,230,2024-06-26,In Progress
O11721,PL005,We,657,2024-04-09,In Progress
O11722,PL042,Training,804,2025-02-19,Pending
O11723,PL041,Drive,700,2024-08-16,Completed
O11724,PL001,Modern,852,2024-01-31,Cancelled
O11725,PL049,Success,448,2024-03-24,Pending
O11726,PL041,Pretty,694,2025-06-14,Pending
O11727,PL045,Allow,525,2024-07-21,Pending
O11728,PL009,Decade,613,2024-08-17,Pending
O11729,PL018,Evening,531,2024-10-31,Cancelled
O11730,PL026,Worker,935,2025-05-20,In Progress
O11731,PL020,Organization,93,2024-03-19,Pending
O11732,PL025,Bill,843,2025-02-01,Cancelled
O11733,PL046,College,546,2024-07-20,Cancelled
O11734,PL011,At,763,2024-12-14,Pending
O11735,PL038,Respond,638,2023-06-21,Pending
O11736,PL040,Glass,613,2024-03-31,Cancelled
O11737,PL042,Congress,874,2023-08-04,In Progress
O11738,PL022,Question,997,2024-02-09,Completed
O11739,PL017,Responsibility,51,2024-11-03,Completed
O11740,PL008,Guess,227,2025-05-14,In Progress
O11741,PL035,Song,680,2024-04-14,Cancelled
O11742,PL012,Agency,310,2024-07-18,Cancelled
O11743,PL023,Carry,653,2025-02-23,Pending
O11744,PL042,Same,863,2024-12-31,In Progress
O11745,PL016,Serve,337,2023-11-04,In Progress
O11746,PL008,Price,269,2023-09-06,Cancelled
O11747,PL002,Blood,284,2024-07-04,In Progress
O11748,PL031,Set,915,2025-04-11,Cancelled
O11749,PL032,Consumer,855,2024-06-14,Completed
O11750,PL030,Also,617,2025-04-01,Pending
O11751,PL014,Get,581,2023-06-24,In Progress
O11752,PL045,Hour,501,2023-07-23,In Progress
O11753,PL019,Address,100,2024-05-26,Completed
O11754,PL046,Keep,628,2024-02-04,Pending
O11755,PL025,During,304,2023-08-02,Pending
O11756,PL007,Human,349,2025-02-11,Cancelled
O11757,PL050,End,451,2023-09-05,Pending
O11758,PL045,Focus,803,2025-05-05,Cancelled
O11759,PL039,Opportunity,624,2024-07-21,Cancelled
O11760,PL045,Collection,588,2024-07-26,In Progress
O11761,PL048,Life,950,2025-05-12,Cancelled
O11762,PL039,Candidate,95,2024-01-14,Completed
O11763,PL045,Establish,889,2024-07-01,Cancelled
O11764,PL006,Ahead,448,2025-01-04,In Progress
O11765,PL042,Machine,557,2025-01-15,Cancelled
O11766,PL023,Speak,242,2025-06-15,Completed
O11767,PL009,Second,377,2025-06-14,Completed
O11768,PL048,Field,312,2023-08-19,Cancelled
O11769,PL037,Answer,192,2024-07-12,Completed
O11770,PL001,This,594,2024-06-06,Completed
O11771,PL020,Soldier,228,2024-01-17,Completed
O11772,PL025,Without,439,2024-08-28,Pending
O11773,PL027,Reason,636,2024-07-19,Completed
O11774,PL048,Guy,807,2024-09-28,Cancelled
O11775,PL004,Enough,637,2023-11-03,In Progress
O11776,PL029,Your,419,2025-02-13,Pending
O11777,PL006,Law,422,2025-04-26,Pending
O11778,PL009,Stock,162,2023-09-19,In Progress
O11779,PL013,Produce,592,2023-09-26,Pending
O11780,PL017,Major,810,2024-08-22,Pending
O11781,PL030,Shoulder,118,2025-04-02,In Progress
O11782,PL024,Result,682,2024-11-01,In Progress
O11783,PL049,Executive,208,2025-04-04,Cancelled
O11784,PL020,Let,442,2025-02-22,Cancelled
O11785,PL020,South,480,2023-11-18,In Progress
O11786,PL033,Piece,15,2025-01-28,Pending
O11787,PL050,Budget,808,2025-05-05,Completed
O11788,PL035,Fine,808,2025-04-24,In Progress
O11789,PL023,Better,154,2024-01-04,Cancelled
O11790,PL032,Rule,874,2023-09-20,Cancelled
O11791,PL033,Which,66,2023-07-12,Completed
O11792,PL010,Both,453,2024-10-27,Completed
O11793,PL004,Foreign,503,2023-10-06,Completed
O11794,PL046,Probably,703,2024-10-01,Completed
O11795,PL042,Risk,862,2023-08-14,Pending
O11796,PL043,Performance,876,2023-11-27,Completed
O11797,PL042,Firm,495,2024-07-28,Cancelled
O11798,PL005,Though,437,2024-06-16,In Progress
O11799,PL006,Two,178,2023-12-13,Completed
O11800,PL036,Lead,598,2024-06-01,Completed
O11801,PL025,Expect,760,2024-10-25,Cancelled
O11802,PL004,Work,662,2024-02-10,Completed
O11803,PL045,Pass,427,2024-04-14,In Progress
O11804,PL038,Democrat,546,2025-01-01,Completed
O11805,PL036,Decision,749,2024-12-27,Cancelled
O11806,PL027,Training,321,2024-03-18,Pending
O11807,PL006,Yet,749,2024-12-07,Pending
O11808,PL036,Be,844,2024-10-01,Cancelled
O11809,PL025,Likely,615,2024-10-25,Completed
O11810,PL043,Require,369,2023-10-08,Completed
O11811,PL021,Goal,72,2024-08-03,Cancelled
O11812,PL004,Hit,339,2024-09-21,Pending
O11813,PL009,Subject,979,2023-10-17,Cancelled
O11814,PL042,Myself,519,2025-06-11,Cancelled
O11815,PL034,Never,805,2024-06-28,Cancelled
O11816,PL005,Side,722,2024-08-23,Pending
O11817,PL045,End,969,2024-01-13,In Progress
O11818,PL029,Business,567,2024-01-26,In Progress
O11819,PL024,Low,29,2024-07-27,Pending
O11820,PL019,Thousand,32,2025-06-02,Pending
O11821,PL029,Manage,834,2024-09-24,In Progress
O11822,PL037,Research,363,2025-05-04,Completed
O11823,PL012,Adult,590,2023-10-17,In Progress
O11824,PL030,Middle,870,2024-08-29,Pending
O11825,PL047,Worry,333,2023-12-04,In Progress
O11826,PL006,Something,929,2023-10-24,Pending
O11827,PL031,Drive,554,2023-07-24,Cancelled
O11828,PL049,And,195,2025-05-26,Completed
O11829,PL001,Project,610,2024-08-02,Completed
O11830,PL012,Camera,391,2024-12-10,Cancelled
O11831,PL004,Animal,909,2025-01-27,Completed
O11832,PL023,Responsibility,763,2025-03-10,In Progress
O11833,PL029,Represent,28,2025-01-20,Pending
O11834,PL032,Agreement,747,2025-05-23,Cancelled
O11835,PL019,If,495,2024-07-16,In Progress
O11836,PL023,Pm,116,2025-01-17,Cancelled
O11837,PL029,Involve,488,2024-12-25,Completed
O11838,PL007,Its,620,2023-08-03,Completed
O11839,PL008,Reveal,910,2024-03-23,In Progress
O11840,PL022,Teacher,239,2024-11-26,Completed
O11841,PL015,House,801,2023-07-09,Pending
O11842,PL024,Turn,772,2024-08-21,Cancelled
O11843,PL016,Certain,878,2025-03-27,In Progress
O11844,PL031,Class,331,2024-02-26,Cancelled
O11845,PL001,Religious,472,2024-11-15,In Progress
O11846,PL008,Probably,546,2025-03-16,In Progress
O11847,PL019,Home,302,2025-06-02,Cancelled
O11848,PL010,Thought,907,2025-01-30,Pending
O11849,PL048,Population,492,2025-03-27,In Progress
O11850,PL009,Report,247,2023-11-14,Completed
O11851,PL008,Deal,412,2024-07-09,Completed
O11852,PL018,Source,251,2024-01-05,Cancelled
O11853,PL032,Either,907,2024-01-12,Completed
O11854,PL006,Condition,52,2023-07-30,Cancelled
O11855,PL016,Company,833,2025-02-02,Cancelled
O11856,PL042,Rest,726,2025-03-24,In Progress
O11857,PL037,Education,133,2023-11-17,In Progress
O11858,PL002,Bed,377,2023-11-27,In Progress
O11859,PL038,Nor,14,2024-06-13,Pending
O11860,PL011,Evening,60,2025-05-13,Cancelled
O11861,PL019,Social,228,2024-03-07,In Progress
O11862,PL036,Six,236,2025-06-13,Pending
O11863,PL019,Once,687,2023-11-04,Cancelled
O11864,PL050,Require,472,2023-06-21,Cancelled
O11865,PL018,Will,965,2023-12-24,Pending
O11866,PL037,Together,419,2023-09-25,Pending
O11867,PL016,Much,124,2024-07-25,Cancelled
O11868,PL013,Certainly,672,2024-08-06,In Progress
O11869,PL004,Southern,968,2024-09-05,In Progress
O11870,PL040,Pass,496,2023-08-07,Completed
O11871,PL030,Range,804,2025-02-09,Pending
O11872,PL020,Daughter,630,2025-03-23,Completed
O11873,PL011,Wait,654,2023-07-13,Pending
O11874,PL020,Material,23,2024-03-17,Completed
O11875,PL033,Something,518,2025-03-12,Pending
O11876,PL010,Laugh,199,2023-07-21,Cancelled
O11877,PL015,Factor,722,2023-08-18,Completed
O11878,PL037,Modern,418,2024-05-18,Pending
O11879,PL044,Work,302,2025-05-22,Cancelled
O11880,PL042,Building,270,2023-10-05,Pending
O11881,PL002,Quickly,632,2025-04-23,Cancelled
O11882,PL012,Wish,773,2024-02-06,Cancelled
O11883,PL011,Where,447,2025-04-12,In Progress
O11884,PL009,Drug,746,2024-06-03,In Progress
O11885,PL028,Its,199,2024-02-28,In Progress
O11886,PL050,Tell,701,2023-06-25,In Progress
O11887,PL027,Entire,570,2023-10-27,Cancelled
O11888,PL001,Sign,808,2023-12-09,Pending
O11889,PL035,Bar,139,2023-10-19,In Progress
O11890,PL045,Including,561,2023-11-07,Completed
O11891,PL005,Thing,581,2023-07-19,In Progress
O11892,PL033,Business,679,2025-01-26,Cancelled
O11893,PL047,Purpose,927,2024-03-10,Pending
O11894,PL046,Economic,372,2023-09-18,Completed
O11895,PL050,Perform,49,2025-05-19,Completed
O11896,PL044,Them,905,2024-06-04,Completed
O11897,PL026,Most,715,2025-03-17,Cancelled
O11898,PL005,Inside,786,2024-10-23,Completed
O11899,PL008,Probably,581,2024-05-31,Pending
O11900,PL036,Popular,180,2024-02-03,Completed
O11901,PL036,Newspaper,389,2023-09-20,In Progress
O11902,PL037,Call,211,2024-10-09,Pending
O11903,PL024,Face,590,2025-03-08,In Progress
O11904,PL042,Others,462,2023-12-01,Completed
O11905,PL013,Wife,173,2024-10-04,Cancelled
O11906,PL002,Knowledge,987,2024-03-19,Cancelled
O11907,PL025,Eat,319,2024-03-15,Pending
O11908,PL015,Market,940,2024-05-06,Pending
O11909,PL047,Might,432,2025-03-14,Completed
O11910,PL034,Minute,620,2023-08-22,Pending
O11911,PL050,Would,859,2025-01-25,Pending
O11912,PL034,Huge,614,2024-12-01,Completed
O11913,PL012,Not,3,2025-02-10,In Progress
O11914,PL042,Star,449,2024-12-01,Pending
O11915,PL002,Beyond,54,2024-11-11,Completed
O11916,PL028,Kind,94,2023-12-25,In Progress
O11917,PL016,As,982,2023-10-12,Pending
O11918,PL006,Collection,618,2023-08-17,In Progress
O11919,PL025,Action,533,2023-12-31,Cancelled
O11920,PL020,Call,316,2025-05-23,Cancelled
O11921,PL039,Best,928,2024-09-11,Pending
O11922,PL040,Term,808,2024-11-19,Pending
O11923,PL003,True,479,2025-05-19,Completed
O11924,PL025,Design,563,2025-01-31,Pending
O11925,PL011,Knowledge,350,2024-03-27,In Progress
O11926,PL015,Maybe,482,2024-06-23,In Progress
O11927,PL050,Voice,467,2025-03-06,Completed
O11928,PL034,Board,813,2025-06-17,In Progress
O11929,PL023,Should,944,2025-05-13,Completed
O11930,PL048,Sell,112,2023-06-23,In Progress
O11931,PL014,Mind,349,2024-07-27,Pending
O11932,PL041,Material,617,2023-09-03,Cancelled
O11933,PL011,Factor,458,2025-02-26,Completed
O11934,PL022,Seek,21,2024-11-21,In Progress
O11935,PL037,Away,901,2023-09-17,Completed
O11936,PL034,Between,243,2025-01-12,Completed
O11937,PL039,Up,878,2025-04-07,In Progress
O11938,PL036,Despite,165,2024-02-29,Completed
O11939,PL008,Letter,928,2024-04-13,Completed
O11940,PL049,Game,927,2023-11-27,In Progress
O11941,PL047,Six,526,2023-06-29,Cancelled
O11942,PL037,Public,264,2024-03-26,Cancelled
O11943,PL005,Lay,391,2024-10-01,Pending
O11944,PL011,Certain,262,2025-01-23,Completed
O11945,PL021,Budget,555,2024-07-17,Completed
O11946,PL039,Impact,175,2025-03-30,Pending
O11947,PL004,Eat,612,2024-02-05,Completed
O11948,PL003,Democrat,894,2024-07-17,In Progress
O11949,PL035,Teach,874,2024-07-27,In Progress
O11950,PL035,Growth,640,2024-07-19,Pending
O11951,PL023,See,476,2025-06-18,Cancelled
O11952,PL048,Include,505,2025-05-17,In Progress
O11953,PL018,Hear,873,2024-03-17,Cancelled
O11954,PL005,White,803,2025-03-16,Pending
O11955,PL001,Story,458,2023-07-17,Cancelled
O11956,PL011,Far,946,2023-09-20,In Progress
O11957,PL008,Full,774,2024-08-15,In Progress
O11958,PL006,Morning,261,2024-04-07,Pending
O11959,PL017,Discussion,204,2023-09-20,Pending
O11960,PL029,Site,286,2023-10-23,In Progress
O11961,PL004,Himself,769,2025-01-17,Cancelled
O11962,PL010,Really,366,2023-06-27,Completed
O11963,PL041,Film,784,2023-08-10,Completed
O11964,PL010,Child,308,2023-07-09,Completed
O11965,PL040,Threat,151,2025-04-23,In Progress
O11966,PL027,Me,361,2024-12-26,Pending
O11967,PL021,Lawyer,732,2024-01-14,Completed
O11968,PL022,Run,206,2024-10-11,Cancelled
O11969,PL022,Although,975,2025-03-15,Cancelled
O11970,PL030,Best,920,2024-06-27,Completed
O11971,PL009,Enter,457,2024-02-13,Cancelled
O11972,PL010,Several,251,2025-06-10,Completed
O11973,PL011,Attorney,333,2025-04-24,Pending
O11974,PL033,Coach,595,2024-11-07,In Progress
O11975,PL041,Beyond,416,2024-04-02,Pending
O11976,PL049,Fact,880,2024-02-04,Pending
O11977,PL001,Between,18,2025-02-17,In Progress
O11978,PL044,Necessary,441,2025-05-30,Pending
O11979,PL032,Offer,30,2025-03-19,Cancelled
O11980,PL034,Election,370,2024-08-01,Cancelled
O11981,PL004,Between,32,2023-12-22,In Progress
O11982,PL003,Send,700,2024-11-23,Pending
O11983,PL050,Continue,637,2025-01-30,Completed
O11984,PL020,Around,343,2024-04-10,In Progress
O11985,PL009,Natural,328,2024-10-22,Cancelled
O11986,PL018,There,72,2023-11-24,Completed
O11987,PL034,Expect,795,2025-05-26,Completed
O11988,PL010,Security,67,2024-09-29,In Progress
O11989,PL024,Four,520,2024-12-06,Cancelled
O11990,PL023,Idea,115,2025-01-05,In Progress
O11991,PL037,Seven,865,2024-04-05,Pending
O11992,PL020,Word,69,2023-10-24,Cancelled
O11993,PL005,Civil,75,2024-06-24,Completed
O11994,PL036,Partner,555,2023-06-20,Pending
O11995,PL031,Race,866,2023-09-26,In Progress
O11996,PL007,Night,150,2024-06-22,In Progress
O11997,PL041,Media,580,2025-04-23,Pending
O11998,PL046,Important,10,2023-08-25,Pending
O11999,PL029,Line,560,2024-05-02,In Progress
O12000,PL002,Hair,92,2024-03-25,In Progress
