workerID,name,plantID,hireDate,role
W00001,Gregory Owens,PL022,2020-03-26,Operator
W00002,Nancy Buckley,PL022,2025-06-13,Operator
W00003,Lisa Barnes,PL048,2016-03-09,Supervisor
W00004,Timothy Anderson,PL041,2018-12-29,Supervisor
W00005,Megan Morris,PL049,2021-10-26,Engineer
W00006,Kathryn Fernandez,PL025,2024-02-03,Operator
W00007,Lisa Chavez,PL006,2020-01-31,Engineer
W00008,Isaac Beasley,PL041,2018-10-09,Operator
W00009,Kenneth Rice,PL006,2016-09-04,Technician
W00010,Steven Torres,PL015,2018-02-17,Technician
W00011,Jasmine Goodwin,PL030,2022-06-20,Technician
W00012,Cynthia Maynard,PL018,2022-12-01,Operator
W00013,Matthew Wilson,PL009,2023-11-14,Supervisor
W00014,Elizabeth Lane,PL010,2023-02-25,Technician
W00015,Mary Price,PL049,2016-03-02,Supervisor
W00016,David Mccullough,PL018,2019-01-01,Technician
W00017,Gregory Jordan,PL012,2015-11-09,Engineer
W00018,Kimberly Reyes,PL012,2016-03-17,Operator
W00019,Elizabeth Oliver,PL035,2021-07-22,Operator
W00020,Jeffrey Fisher,PL021,2019-01-04,Engineer
W00021,Rachel Cervantes,PL006,2015-07-22,Supervisor
W00022,Debra Black,PL015,2015-07-29,Technician
W00023,Patrick Jenkins,PL019,2017-04-09,Operator
W00024,Shirley Robbins,PL043,2025-02-27,Operator
W00025,Kelly Torres,PL030,2016-11-06,Supervisor
W00026,Lauren Thomas,PL001,2024-11-02,Supervisor
W00027,Joshua Stafford,PL003,2021-06-28,Engineer
W00028,Mark Anderson,PL042,2020-08-04,Engineer
W00029,Ashley Hardin,PL018,2019-03-22,Engineer
W00030,Eric Williams,PL008,2021-04-30,Technician
W00031,Jeffrey Johnson,PL029,2020-03-09,Supervisor
W00032,Joseph Brown,PL024,2015-08-02,Operator
W00033,Alexandra Delgado,PL002,2016-06-04,Technician
W00034,Marc Mahoney,PL045,2017-08-06,Operator
W00035,Valerie Contreras,PL008,2017-09-24,Engineer
W00036,Kevin Frost,PL044,2016-03-21,Operator
W00037,Raymond Perkins,PL018,2018-03-01,Technician
W00038,Dr. Austin Webster,PL008,2023-02-01,Technician
W00039,David Forbes,PL035,2021-07-29,Engineer
W00040,Kathryn Rogers,PL014,2021-03-20,Supervisor
W00041,Carol Sanchez,PL036,2023-10-23,Engineer
W00042,Elizabeth Donovan,PL026,2020-06-18,Technician
W00043,Ashley Long,PL009,2023-11-16,Supervisor
W00044,Eric Miller,PL006,2024-02-04,Technician
W00045,Frank Norris,PL033,2018-07-08,Supervisor
W00046,Jennifer Santiago,PL033,2022-07-21,Operator
W00047,Charles Austin,PL008,2016-01-19,Operator
W00048,Ashley Sutton,PL009,2021-01-30,Technician
W00049,Todd Middleton,PL004,2016-06-19,Technician
W00050,Miranda Kaufman,PL040,2020-04-19,Engineer
W00051,Jason Vance PhD,PL042,2016-01-23,Supervisor
W00052,Corey Peck,PL010,2022-01-03,Technician
W00053,Kara Long,PL002,2022-08-27,Supervisor
W00054,Joshua Trujillo,PL032,2015-12-11,Supervisor
W00055,Brian Tanner,PL033,2023-09-01,Supervisor
W00056,William White,PL032,2024-05-27,Operator
W00057,Tara Hancock,PL007,2016-01-28,Supervisor
W00058,John Rogers,PL020,2020-07-30,Supervisor
W00059,Crystal Chavez,PL050,2021-07-19,Supervisor
W00060,Charles Short,PL013,2017-06-16,Engineer
W00061,Jennifer Anderson,PL023,2023-12-23,Technician
W00062,Daniel Herrera,PL043,2022-12-15,Technician
W00063,Nicholas Francis,PL041,2017-12-12,Engineer
W00064,Jason Haney,PL044,2018-11-21,Technician
W00065,Richard Peterson,PL003,2017-11-04,Technician
W00066,Thomas Pitts,PL045,2022-05-03,Supervisor
W00067,Sharon Carlson,PL031,2015-12-01,Technician
W00068,Lisa Greer,PL043,2021-09-19,Operator
W00069,Anita Delgado,PL012,2019-07-23,Supervisor
W00070,Michael Wells,PL030,2016-03-13,Technician
W00071,David Melton,PL032,2019-08-31,Technician
W00072,William Perez,PL010,2022-12-28,Engineer
W00073,Mr. Joseph King,PL023,2024-01-19,Technician
W00074,Victor Moore,PL010,2024-02-05,Engineer
W00075,Damon Brady,PL006,2024-02-02,Supervisor
W00076,Stephanie Griffith,PL003,2024-11-07,Engineer
W00077,Brian Medina,PL047,2016-08-14,Operator
W00078,Samantha Diaz,PL021,2020-07-16,Technician
W00079,Crystal Washington,PL044,2021-01-09,Supervisor
W00080,Michael Keller,PL041,2025-05-12,Supervisor
W00081,Christopher Jimenez,PL043,2016-01-04,Engineer
W00082,Donald Schultz,PL033,2025-01-06,Supervisor
W00083,Kevin Barry,PL037,2025-01-12,Technician
W00084,Amber Hampton,PL031,2020-11-30,Operator
W00085,Danny Guerra,PL009,2017-04-20,Technician
W00086,Shannon Harris,PL019,2017-02-04,Operator
W00087,Michael Kelly,PL047,2025-02-10,Technician
W00088,Stephanie Garner,PL015,2021-06-25,Technician
W00089,Michael Hurst,PL021,2016-02-28,Engineer
W00090,Shawna Bishop,PL045,2023-07-05,Operator
W00091,Donna Garcia,PL045,2021-10-07,Supervisor
W00092,Andrew Murphy,PL009,2020-11-05,Technician
W00093,Erin Roberts,PL004,2022-05-25,Supervisor
W00094,Tommy Cruz,PL041,2020-07-05,Engineer
W00095,Brandon Garcia,PL019,2018-03-07,Operator
W00096,Wendy Gonzalez,PL007,2020-02-27,Operator
W00097,Karen Roberson,PL011,2022-04-06,Engineer
W00098,Heather Greene,PL016,2020-10-17,Supervisor
W00099,Brandon Rogers,PL014,2019-12-31,Supervisor
W00100,Mark Glover,PL015,2017-05-25,Supervisor
W00101,Caitlin Brown,PL008,2021-11-09,Engineer
W00102,Cory Hudson,PL012,2021-07-17,Operator
W00103,Roy Stewart,PL038,2018-10-31,Supervisor
W00104,Kathryn Mayer,PL030,2017-02-08,Operator
W00105,Morgan Garrison,PL011,2023-05-07,Technician
W00106,Derek Good,PL033,2023-12-24,Engineer
W00107,Nicole Stevenson DVM,PL007,2023-01-25,Engineer
W00108,April Baldwin,PL012,2017-03-23,Engineer
W00109,Mrs. Catherine Aguilar DDS,PL029,2020-08-03,Operator
W00110,Karen Ramirez,PL022,2017-01-05,Technician
W00111,Kaylee King,PL013,2024-12-18,Engineer
W00112,Leslie Hernandez,PL048,2024-07-24,Supervisor
W00113,Susan Mosley,PL049,2021-06-06,Supervisor
W00114,Dana Mosley,PL007,2018-06-28,Supervisor
W00115,Jennifer Taylor,PL027,2020-02-18,Technician
W00116,Lori Dennis,PL019,2020-09-08,Supervisor
W00117,Kimberly Johnson,PL004,2018-06-05,Engineer
W00118,Bianca Russell,PL021,2018-04-03,Supervisor
W00119,Heather Allison DVM,PL027,2024-08-11,Operator
W00120,Charles Miller,PL039,2018-04-25,Technician
W00121,Johnny Stevens,PL029,2025-04-21,Engineer
W00122,John Martin,PL030,2020-03-22,Technician
W00123,Shannon Patrick,PL043,2018-05-13,Technician
W00124,Juan Sullivan MD,PL011,2015-10-12,Supervisor
W00125,Paul Myers,PL015,2019-03-09,Operator
W00126,Casey Gonzalez,PL001,2023-01-23,Supervisor
W00127,Ashley Warren,PL041,2024-09-02,Engineer
W00128,Ashley Miller,PL027,2018-07-14,Operator
W00129,Derek Friedman,PL011,2023-10-30,Engineer
W00130,Megan Roberts,PL007,2020-02-24,Technician
W00131,Tammy Cummings DVM,PL041,2016-12-31,Supervisor
W00132,Christina Phillips,PL039,2017-02-07,Operator
W00133,Stephanie Joseph,PL014,2022-07-23,Technician
W00134,Kelly Pacheco,PL050,2016-01-14,Engineer
W00135,Lynn Perez,PL029,2021-03-04,Operator
W00136,Cody Adams,PL018,2023-08-17,Operator
W00137,Victoria Garcia,PL036,2017-11-10,Engineer
W00138,Jennifer Rodriguez,PL020,2025-05-25,Operator
W00139,Lori Pearson,PL039,2021-12-11,Supervisor
W00140,Johnathan Gibson,PL028,2022-08-12,Technician
W00141,Richard Alexander,PL037,2015-09-25,Engineer
W00142,Rhonda Blair,PL045,2021-11-16,Supervisor
W00143,Rose Dennis,PL039,2023-02-11,Engineer
W00144,Patrick Rodriguez,PL038,2018-11-16,Technician
W00145,Devin Lynch,PL002,2016-01-25,Operator
W00146,Dennis Contreras DDS,PL015,2015-09-09,Operator
W00147,Cindy Ross,PL006,2024-01-20,Engineer
W00148,Danielle Hester,PL016,2020-06-07,Supervisor
W00149,Christopher Dominguez,PL043,2024-11-11,Technician
W00150,Mrs. Kristen Long MD,PL023,2022-08-18,Engineer
W00151,Cody Dawson,PL042,2020-08-19,Engineer
W00152,Scott Reynolds,PL011,2025-05-20,Supervisor
W00153,Austin Grant,PL041,2017-11-12,Technician
W00154,Bobby Spencer,PL006,2023-08-19,Supervisor
W00155,Patricia Donovan,PL049,2022-07-01,Operator
W00156,Willie Clark,PL023,2024-04-28,Operator
W00157,Christina Finley,PL040,2017-08-26,Operator
W00158,Terri Harris,PL047,2019-05-07,Supervisor
W00159,Andrew Wilkinson,PL034,2017-07-11,Supervisor
W00160,Stephen Torres,PL025,2022-10-11,Engineer
W00161,Rose Richardson,PL016,2017-11-19,Technician
W00162,Ryan Gonzales,PL048,2021-01-24,Supervisor
W00163,Jose Watkins,PL014,2016-01-29,Supervisor
W00164,Derek Baker,PL031,2016-08-08,Operator
W00165,Tammy Conner,PL030,2024-11-02,Technician
W00166,Linda Harris,PL019,2020-10-26,Supervisor
W00167,Ricardo Castillo,PL037,2016-04-15,Technician
W00168,Jennifer Clay,PL049,2018-11-30,Operator
W00169,Justin Simpson,PL030,2017-12-28,Operator
W00170,Brittany Bishop,PL039,2015-10-05,Engineer
W00171,Cody Bautista,PL050,2023-08-25,Engineer
W00172,Bryan Warner,PL030,2021-05-30,Technician
W00173,Joshua Garrett,PL043,2020-09-09,Technician
W00174,Kevin Thomas,PL013,2023-08-02,Supervisor
W00175,Sarah Hudson,PL018,2018-02-03,Technician
W00176,Deborah Hurley,PL049,2022-05-27,Operator
W00177,Jenny Tran,PL026,2023-10-25,Supervisor
W00178,Tiffany Jenkins,PL005,2016-04-09,Supervisor
W00179,Rachel Jackson,PL008,2023-09-11,Engineer
W00180,Robert Curtis,PL025,2018-04-07,Technician
W00181,John Hodge,PL004,2021-09-29,Supervisor
W00182,Andrew Herring,PL030,2023-04-12,Engineer
W00183,Kelli Price,PL023,2020-05-23,Supervisor
W00184,Jason Smith,PL032,2024-05-21,Technician
W00185,Laura Bartlett,PL048,2024-08-11,Operator
W00186,Kevin Byrd,PL022,2016-10-26,Technician
W00187,Shelby Guzman,PL026,2023-02-23,Supervisor
W00188,Mr. Ronald Woods,PL020,2022-10-05,Operator
W00189,Mark Keller,PL041,2018-10-23,Operator
W00190,Taylor Robinson,PL050,2019-07-26,Engineer
W00191,Kimberly Leon,PL018,2018-02-04,Supervisor
W00192,Andrew Murphy MD,PL019,2017-02-22,Engineer
W00193,John Wheeler,PL018,2017-12-21,Supervisor
W00194,Debra Miller,PL023,2020-06-10,Technician
W00195,Karen Barnes,PL039,2019-05-01,Technician
W00196,Derek Johnson,PL009,2022-07-15,Supervisor
W00197,Ricky Graham,PL012,2023-07-20,Supervisor
W00198,Sylvia Lane,PL037,2018-05-27,Operator
W00199,Christina Carlson,PL030,2016-08-28,Engineer
W00200,Timothy Fischer,PL029,2024-03-17,Operator
W00201,Dr. Andrea Walters,PL048,2023-04-24,Supervisor
W00202,Terry Jackson II,PL048,2017-06-17,Engineer
W00203,Cassandra Tapia,PL015,2020-04-28,Technician
W00204,Jason Campbell,PL018,2024-02-16,Engineer
W00205,Michelle Chambers,PL043,2025-03-10,Engineer
W00206,Veronica Thomas,PL015,2017-05-12,Engineer
W00207,Kelly Hines,PL039,2023-06-30,Operator
W00208,Kenneth Bradford,PL009,2017-06-05,Engineer
W00209,Adam Edwards,PL037,2023-06-05,Supervisor
W00210,Harry Rogers,PL006,2019-11-14,Engineer
W00211,Trevor Parrish,PL047,2022-01-11,Engineer
W00212,Paula Stark,PL021,2021-01-28,Supervisor
W00213,Jeff Gonzalez,PL001,2022-11-27,Supervisor
W00214,Michael Garcia,PL012,2021-10-09,Supervisor
W00215,Tristan Gray,PL038,2016-08-12,Technician
W00216,Cassandra Potter,PL027,2023-10-28,Supervisor
W00217,Audrey James,PL005,2019-08-01,Engineer
W00218,Sandra Shepard,PL015,2020-10-20,Technician
W00219,Henry Burns,PL015,2023-07-18,Supervisor
W00220,Amber Romero,PL039,2025-05-29,Operator
W00221,Andrew Miranda,PL036,2021-08-03,Operator
W00222,Jessica Berry,PL006,2023-07-18,Technician
W00223,Kimberly Hicks,PL029,2015-10-12,Operator
W00224,Jacob Brown,PL027,2021-05-04,Supervisor
W00225,Amber Larson,PL027,2016-06-14,Technician
W00226,Tina Velazquez,PL005,2016-06-11,Operator
W00227,John Mitchell,PL034,2023-11-01,Supervisor
W00228,Denise Gonzalez,PL020,2023-04-10,Technician
W00229,Amber Peters,PL003,2024-10-20,Technician
W00230,Patrick Bradley,PL025,2024-03-29,Operator
W00231,Justin Jackson,PL026,2020-05-01,Operator
W00232,Francisco Young,PL032,2016-03-03,Operator
W00233,Samantha Johnson,PL019,2022-10-31,Operator
W00234,Brooke Velazquez,PL049,2020-02-29,Technician
W00235,Sherry Young,PL025,2016-05-20,Supervisor
W00236,Brandon Nguyen,PL024,2019-01-22,Supervisor
W00237,Sarah Banks,PL008,2015-10-19,Engineer
W00238,Terri Mccoy,PL001,2025-01-10,Supervisor
W00239,Nicholas Robinson,PL042,2022-09-16,Engineer
W00240,Leslie Rowe,PL007,2025-03-04,Technician
W00241,Thomas Calhoun,PL049,2025-05-20,Engineer
W00242,Jacob Johnson,PL018,2024-10-11,Technician
W00243,Philip Gomez,PL048,2023-06-26,Technician
W00244,Gregory Brennan,PL029,2016-07-27,Engineer
W00245,Allison Brown,PL029,2025-05-01,Engineer
W00246,Cindy Garcia,PL014,2018-12-19,Engineer
W00247,Sylvia Edwards,PL041,2022-03-02,Technician
W00248,Christopher Fisher,PL031,2021-12-25,Technician
W00249,Daniel Hall,PL018,2019-06-23,Supervisor
W00250,Helen Jones,PL011,2024-09-28,Technician
W00251,Jesse Hoffman,PL029,2024-09-17,Supervisor
W00252,Joseph Mann,PL045,2024-03-09,Engineer
W00253,Karen Solis,PL013,2019-08-30,Engineer
W00254,Jacob Jones,PL012,2022-11-04,Operator
W00255,Benjamin Lopez,PL042,2018-12-01,Technician
W00256,David Bell,PL018,2023-06-27,Supervisor
W00257,Mrs. Angela Ortega DVM,PL005,2024-01-06,Operator
W00258,Christopher Washington,PL020,2024-11-05,Supervisor
W00259,Dr. Patricia Martin,PL011,2023-05-28,Technician
W00260,Erica White,PL039,2022-05-06,Technician
W00261,Emily Cooper,PL007,2019-01-13,Technician
W00262,Tonya Moreno,PL042,2015-10-04,Engineer
W00263,Robyn Hester,PL013,2021-08-21,Engineer
W00264,Kevin Mann,PL012,2016-08-14,Technician
W00265,Samuel Ramirez,PL028,2019-07-16,Operator
W00266,Shannon Benson,PL011,2015-09-02,Engineer
W00267,Michael Lopez,PL015,2019-02-22,Technician
W00268,Thomas Castaneda,PL011,2016-12-01,Engineer
W00269,Lindsay Morris,PL007,2021-11-21,Operator
W00270,Amanda Little,PL014,2021-08-10,Operator
W00271,Darlene Gutierrez,PL030,2020-01-05,Operator
W00272,Jesse Sanford,PL027,2021-04-06,Technician
W00273,Dana George,PL032,2023-10-01,Engineer
W00274,Beth Soto,PL029,2016-09-13,Supervisor
W00275,Jill Oneill,PL007,2020-10-01,Operator
W00276,Diana Moore,PL022,2025-02-08,Supervisor
W00277,Melinda Parker,PL010,2017-07-19,Operator
W00278,Jesse Miller,PL044,2019-06-07,Engineer
W00279,Jackie Nunez,PL003,2024-09-23,Supervisor
W00280,Micheal Keller,PL013,2018-12-08,Operator
W00281,Jason Martinez,PL036,2020-12-07,Technician
W00282,Steven Kelly,PL027,2024-10-12,Supervisor
W00283,Daniel Medina,PL043,2024-01-01,Technician
W00284,Donna Clark,PL048,2020-10-16,Technician
W00285,Stacey Craig,PL027,2024-09-27,Engineer
W00286,Denise Jones,PL008,2021-08-09,Supervisor
W00287,Tiffany Barrett,PL041,2022-12-02,Engineer
W00288,Lindsey Nguyen,PL029,2019-08-30,Engineer
W00289,Justin Forbes,PL032,2020-02-25,Engineer
W00290,Christopher Ramos,PL023,2025-04-26,Operator
W00291,Veronica Orr,PL019,2023-08-02,Supervisor
W00292,Edward Davidson,PL032,2022-10-06,Supervisor
W00293,Diane Andersen,PL042,2024-05-03,Technician
W00294,Bianca Clayton,PL045,2018-04-16,Technician
W00295,Melissa Ray,PL011,2018-06-25,Technician
W00296,Jeffrey Le,PL035,2020-08-29,Operator
W00297,Sara Turner,PL048,2015-11-28,Technician
W00298,Randall Miranda,PL022,2016-08-31,Engineer
W00299,James Jones,PL040,2018-07-10,Technician
W00300,Brittany Hughes,PL029,2021-09-16,Supervisor
W00301,Zachary Allen,PL033,2024-05-18,Engineer
W00302,Bethany Haas,PL036,2024-09-01,Technician
W00303,Tammy Jones,PL045,2025-05-07,Supervisor
W00304,Kaitlyn Snyder,PL020,2024-09-12,Engineer
W00305,Miranda Mason,PL004,2020-05-15,Engineer
W00306,Kari Mcintosh,PL039,2018-04-06,Engineer
W00307,Felicia Farley,PL021,2016-06-18,Operator
W00308,Christopher Ward,PL048,2017-04-05,Engineer
W00309,Kevin Cox,PL049,2021-01-25,Supervisor
W00310,Shelby Ramirez,PL046,2021-01-26,Supervisor
W00311,Mckenzie Walsh,PL037,2021-03-18,Technician
W00312,Jasmine Brandt,PL041,2020-12-01,Operator
W00313,Jeffrey Cox,PL038,2021-01-17,Supervisor
W00314,Brittany Riley,PL027,2016-02-06,Engineer
W00315,Daniel Johnson,PL042,2016-07-05,Operator
W00316,Christopher Hernandez,PL004,2016-01-17,Engineer
W00317,Daniel Frey,PL001,2016-08-15,Engineer
W00318,Jennifer Thompson,PL018,2018-02-13,Operator
W00319,Holly Spencer,PL011,2021-10-14,Operator
W00320,David Weaver,PL049,2024-09-03,Supervisor
W00321,Patrick Townsend,PL020,2017-04-02,Engineer
W00322,Rebecca Luna,PL050,2025-01-19,Engineer
W00323,Karen Johnson,PL026,2025-01-10,Engineer
W00324,Colin Brown,PL049,2024-04-01,Technician
W00325,Timothy Cook,PL044,2017-06-21,Supervisor
W00326,Gabriel Hamilton,PL016,2020-10-07,Operator
W00327,Misty Patel,PL030,2015-09-04,Engineer
W00328,Michael Anderson,PL038,2023-09-18,Technician
W00329,Jason Reynolds,PL008,2018-01-26,Technician
W00330,Thomas Weaver,PL032,2019-01-11,Technician
W00331,Christopher Brown,PL008,2021-05-22,Technician
W00332,Henry Wheeler,PL041,2016-09-21,Operator
W00333,Paul Rodriguez,PL046,2016-02-29,Engineer
W00334,Christina Brown,PL020,2023-02-04,Operator
W00335,Donald Vasquez,PL034,2025-01-05,Supervisor
W00336,Thomas Escobar,PL026,2020-11-04,Operator
W00337,Christine Johnson,PL032,2019-11-15,Supervisor
W00338,Olivia Martin,PL020,2017-10-17,Supervisor
W00339,Shawn Stevenson,PL045,2016-10-11,Operator
W00340,Crystal Carpenter,PL002,2018-09-08,Operator
W00341,Carrie Thomas,PL014,2023-12-20,Engineer
W00342,Autumn Bridges,PL013,2025-01-08,Supervisor
W00343,Maxwell Collier,PL046,2017-12-26,Engineer
W00344,Michelle Mason,PL005,2020-07-18,Supervisor
W00345,Matthew Santiago,PL022,2023-08-23,Engineer
W00346,Cindy Sanchez,PL025,2021-01-27,Engineer
W00347,Angela Robles,PL022,2018-12-23,Supervisor
W00348,Kristy Russell,PL011,2024-08-15,Supervisor
W00349,Christopher Ortiz,PL034,2020-11-13,Operator
W00350,Barbara Herman,PL043,2018-05-24,Operator
W00351,Erin Stuart,PL007,2017-06-11,Engineer
W00352,Kenneth Franco,PL041,2023-03-12,Supervisor
W00353,Katie Oliver,PL014,2023-10-22,Engineer
W00354,John Delacruz,PL041,2017-11-16,Technician
W00355,Sarah Bean,PL044,2016-03-20,Supervisor
W00356,Brian James,PL043,2020-09-19,Supervisor
W00357,Joseph Young,PL030,2023-10-22,Engineer
W00358,Erin Smith,PL015,2016-01-09,Operator
W00359,Debbie Caldwell,PL039,2015-10-16,Operator
W00360,Carla Reyes,PL041,2024-09-11,Operator
W00361,Jason Andersen,PL048,2025-02-23,Operator
W00362,Troy Crosby,PL022,2022-11-11,Engineer
W00363,Christopher Charles,PL046,2018-11-13,Operator
W00364,Michael Palmer,PL017,2024-05-07,Engineer
W00365,Rebecca Booker,PL040,2019-08-15,Operator
W00366,Sandra James,PL023,2019-12-17,Technician
W00367,Sandra Anderson,PL031,2023-12-05,Operator
W00368,Michele Short,PL028,2019-05-18,Operator
W00369,Angela Davis,PL026,2020-11-30,Supervisor
W00370,Earl Hansen,PL041,2018-02-25,Engineer
W00371,Scott Holland,PL014,2025-06-07,Technician
W00372,Nancy Martinez,PL004,2019-11-19,Technician
W00373,Edgar Gonzales,PL036,2016-03-16,Engineer
W00374,Dr. Adam Fuller,PL005,2023-09-06,Technician
W00375,Kimberly Richardson,PL008,2021-03-10,Supervisor
W00376,Taylor Fernandez,PL018,2015-08-13,Supervisor
W00377,Sandy Campbell,PL014,2025-04-01,Supervisor
W00378,Jeffrey Young,PL019,2018-12-05,Engineer
W00379,Michael Cruz,PL029,2017-10-05,Supervisor
W00380,Cassandra Orozco,PL011,2018-11-27,Technician
W00381,Karen Pollard,PL019,2018-01-28,Operator
W00382,Alexander Arnold,PL014,2024-10-25,Supervisor
W00383,Marco Ramirez,PL009,2023-08-27,Technician
W00384,Richard Moore,PL035,2023-08-26,Engineer
W00385,Sylvia Mayer,PL040,2025-02-20,Supervisor
W00386,Sheryl Ryan,PL032,2019-01-24,Technician
W00387,Ronald Hammond,PL011,2024-12-12,Supervisor
W00388,Megan Gonzalez,PL045,2016-07-18,Technician
W00389,Taylor Small,PL029,2025-02-07,Operator
W00390,William Santos,PL044,2023-08-28,Operator
W00391,Susan Mooney,PL014,2022-11-05,Operator
W00392,Andrea Miller,PL039,2017-02-20,Technician
W00393,Jessica Barrett,PL008,2019-04-23,Supervisor
W00394,Stephen Costa,PL008,2023-08-11,Operator
W00395,Thomas Rodriguez,PL023,2016-11-04,Supervisor
W00396,Joshua Pace,PL045,2025-02-10,Supervisor
W00397,Matthew Washington,PL046,2021-12-31,Engineer
W00398,Anthony Mueller,PL045,2017-08-21,Technician
W00399,Travis Woodard,PL011,2024-04-10,Supervisor
W00400,Isabella Thompson,PL042,2022-03-05,Supervisor
W00401,Jonathan Reed,PL042,2024-03-25,Technician
W00402,Shannon Orozco,PL048,2016-10-11,Engineer
W00403,Todd Gilbert,PL021,2025-06-01,Engineer
W00404,Julie Reed,PL039,2018-08-31,Technician
W00405,Carl Cunningham,PL013,2016-12-28,Supervisor
W00406,Ashlee Dixon,PL041,2016-11-25,Operator
W00407,Sonia Lloyd,PL020,2016-02-25,Operator
W00408,Emily Robertson,PL009,2023-05-14,Operator
W00409,Richard Myers,PL021,2022-04-26,Engineer
W00410,Veronica Mccullough,PL031,2023-05-08,Engineer
W00411,Charles Knight,PL042,2020-02-12,Technician
W00412,Brian Becker,PL037,2024-11-30,Engineer
W00413,Raymond Leach,PL017,2018-08-28,Technician
W00414,Jonathan Young,PL017,2015-08-09,Supervisor
W00415,Dawn Knight,PL050,2015-12-17,Technician
W00416,Rebekah Gonzalez,PL036,2015-07-17,Supervisor
W00417,James Johnson,PL001,2021-07-27,Technician
W00418,Megan Brown,PL023,2022-12-25,Supervisor
W00419,Melissa Smith,PL034,2017-11-14,Technician
W00420,Tyrone Medina,PL034,2025-05-18,Supervisor
W00421,Melanie Craig,PL016,2023-09-25,Operator
W00422,Kathleen Sims,PL029,2021-06-15,Engineer
W00423,Michele Peck,PL043,2021-05-09,Operator
W00424,Sheila Horton,PL047,2023-07-16,Operator
W00425,Eric Steele,PL023,2020-10-11,Supervisor
W00426,Ryan Ryan,PL049,2024-10-18,Engineer
W00427,Kenneth Mason,PL019,2016-09-29,Operator
W00428,Emily Mitchell,PL001,2017-08-08,Supervisor
W00429,Amanda Rogers,PL028,2016-10-30,Technician
W00430,Jacob Tucker,PL016,2021-06-13,Supervisor
W00431,John Holland,PL003,2023-05-19,Technician
W00432,Justin Walker,PL046,2024-02-14,Supervisor
W00433,Thomas Garcia,PL043,2019-07-02,Supervisor
W00434,Ellen White,PL029,2021-01-15,Technician
W00435,Chelsey Hall,PL018,2024-07-22,Operator
W00436,Jessica Bright,PL016,2023-08-26,Operator
W00437,Darrell Campbell,PL029,2020-09-15,Supervisor
W00438,Douglas Fuller,PL039,2024-07-18,Technician
W00439,William Moore,PL035,2020-07-24,Engineer
W00440,James Morales,PL028,2024-11-02,Technician
W00441,Andre Greer,PL007,2025-05-19,Supervisor
W00442,Anita Romero,PL002,2022-03-04,Supervisor
W00443,Alison Hanson,PL009,2025-03-10,Operator
W00444,Melissa Ward,PL012,2024-10-04,Operator
W00445,Frank Bentley,PL034,2018-06-19,Technician
W00446,Stanley Randall,PL003,2021-08-08,Technician
W00447,Donna Morton,PL008,2023-12-27,Supervisor
W00448,Daniel Johnson,PL049,2019-09-03,Engineer
W00449,Amber Trujillo,PL003,2022-05-22,Engineer
W00450,Sydney Wood,PL032,2025-03-06,Engineer
W00451,Benjamin Parker,PL040,2021-06-25,Supervisor
W00452,Krista Harris,PL012,2018-10-25,Supervisor
W00453,Jorge Daniels,PL033,2015-11-22,Technician
W00454,Robert Lewis,PL022,2021-05-06,Technician
W00455,Michael Hunter,PL010,2022-02-18,Operator
W00456,Samantha Morris,PL032,2020-12-13,Operator
W00457,Diamond Rodriguez,PL009,2016-05-21,Supervisor
W00458,Brandon Tran,PL009,2023-11-13,Engineer
W00459,Cheryl Mcclain,PL021,2020-07-23,Technician
W00460,Beverly Atkins,PL050,2015-06-24,Operator
W00461,Mrs. Kristin Brown,PL019,2024-03-14,Technician
W00462,Fernando Phillips,PL038,2023-02-21,Operator
W00463,Phyllis Brown,PL005,2022-11-06,Technician
W00464,Eric Ross,PL028,2018-02-27,Operator
W00465,Jennifer Cruz,PL041,2015-07-16,Supervisor
W00466,Michael Kelly,PL012,2018-08-11,Supervisor
W00467,John Silva,PL046,2021-06-13,Engineer
W00468,Nichole Ellis,PL023,2016-01-05,Supervisor
W00469,Jacqueline Barker,PL044,2019-11-14,Operator
W00470,Donald Johnson,PL049,2021-05-31,Technician
W00471,Tiffany Walker,PL047,2024-05-09,Technician
W00472,Sharon Wilson,PL011,2016-01-19,Operator
W00473,Jeffrey Wood,PL043,2022-04-01,Supervisor
W00474,Charles Thompson,PL044,2024-03-11,Operator
W00475,Marcus Lozano,PL011,2024-02-16,Operator
W00476,Austin Jackson,PL036,2022-12-23,Technician
W00477,Daniel Gallagher,PL040,2020-06-10,Engineer
W00478,Victoria Guerra,PL021,2024-07-02,Engineer
W00479,Deborah Johnson,PL015,2020-02-25,Engineer
W00480,Sean Bishop,PL021,2020-08-26,Engineer
W00481,Bruce Foster,PL009,2021-03-20,Operator
W00482,Michelle Graham,PL016,2020-05-04,Supervisor
W00483,Kyle Duran,PL034,2021-10-17,Operator
W00484,Laurie Patel,PL038,2022-04-25,Operator
W00485,Mary Jones,PL037,2024-11-30,Technician
W00486,Heather Hawkins,PL026,2020-06-01,Technician
W00487,Eric Williams,PL014,2017-05-29,Operator
W00488,Lisa Guerrero,PL014,2015-12-27,Operator
W00489,Ashley Reid,PL041,2018-09-26,Supervisor
W00490,Lisa Bailey,PL031,2021-10-23,Operator
W00491,Charlene Snyder,PL023,2023-12-28,Engineer
W00492,Rebecca Meyer,PL036,2022-03-26,Engineer
W00493,Robert Hancock,PL025,2025-03-13,Supervisor
W00494,John Gonzalez,PL004,2020-06-27,Technician
W00495,Matthew Castro,PL031,2023-02-12,Operator
W00496,Kevin Zimmerman,PL004,2022-12-01,Engineer
W00497,Joseph Stout,PL039,2021-12-19,Operator
W00498,Samantha Stephens,PL011,2025-02-26,Supervisor
W00499,Lori Parker,PL041,2021-11-05,Technician
W00500,Shirley Maynard,PL045,2019-07-04,Technician
W00501,Frances Gray,PL032,2017-06-19,Technician
W00502,David Wright,PL048,2021-12-27,Technician
W00503,Michelle Guerrero,PL015,2024-04-11,Technician
W00504,Eric Hernandez,PL025,2021-08-20,Technician
W00505,Scott Bates,PL009,2019-04-27,Operator
W00506,Andrew Cervantes,PL015,2022-08-30,Supervisor
W00507,Christine Thompson,PL004,2023-04-04,Supervisor
W00508,Angela Le,PL039,2016-02-26,Operator
W00509,Daniel Taylor,PL037,2017-05-10,Supervisor
W00510,Sarah Wilson,PL030,2019-10-03,Operator
W00511,Michelle Gentry,PL025,2019-10-09,Operator
W00512,Denise Hill,PL012,2021-08-17,Supervisor
W00513,Allen Young,PL048,2025-01-30,Supervisor
W00514,Michael Smith,PL042,2019-10-07,Operator
W00515,Mario Sanchez,PL034,2020-07-01,Operator
W00516,Colin Scott,PL022,2019-08-20,Engineer
W00517,Ann Shaw,PL006,2016-02-08,Supervisor
W00518,Rachel Jones,PL043,2020-01-23,Operator
W00519,Donald Dean,PL016,2018-09-11,Operator
W00520,Danielle Campbell,PL043,2023-10-30,Supervisor
W00521,Emily West,PL011,2017-07-29,Engineer
W00522,Christopher Erickson,PL001,2024-08-25,Supervisor
W00523,Peter Johnson,PL047,2019-04-20,Engineer
W00524,Laura Jimenez,PL018,2022-03-12,Technician
W00525,Karen Lee,PL031,2017-03-11,Technician
W00526,Curtis Harris,PL026,2022-01-11,Supervisor
W00527,Jennifer Anderson,PL006,2015-11-30,Operator
W00528,James Lawrence,PL006,2019-08-04,Operator
W00529,Chad Curtis,PL020,2020-09-24,Operator
W00530,Timothy Miller,PL005,2017-07-24,Supervisor
W00531,Jeremy Lane,PL047,2020-05-06,Engineer
W00532,Michelle Randall,PL018,2024-06-05,Engineer
W00533,Brandon Peters,PL007,2022-05-18,Technician
W00534,Amanda Hernandez,PL044,2021-02-26,Operator
W00535,Michael White,PL010,2021-09-26,Engineer
W00536,Christopher Dunn,PL026,2023-01-17,Supervisor
W00537,Mary Greene,PL012,2016-12-27,Technician
W00538,Jessica Griffin,PL029,2016-09-30,Technician
W00539,Deborah Carter,PL011,2016-05-04,Engineer
W00540,Martin Flores,PL032,2016-07-01,Technician
W00541,Mrs. Andrea Davis DDS,PL035,2017-08-26,Operator
W00542,Monique Day,PL032,2023-08-28,Operator
W00543,Leah Spencer,PL005,2018-10-15,Engineer
W00544,Brittney Simpson,PL003,2017-03-31,Technician
W00545,Shelby Johnson,PL036,2019-03-26,Operator
W00546,Kayla Johnson,PL003,2019-02-27,Operator
W00547,Rachel Bishop,PL043,2019-10-01,Engineer
W00548,Tony Williams,PL041,2017-02-19,Operator
W00549,Megan Schultz,PL002,2017-04-21,Technician
W00550,Caitlin Wilson,PL035,2025-02-18,Operator
W00551,Betty Black,PL023,2024-02-10,Technician
W00552,Tammy Roth,PL022,2022-01-19,Operator
W00553,Tammy Hooper,PL048,2018-09-24,Engineer
W00554,Joe Bell,PL026,2017-07-22,Operator
W00555,Michael Bradshaw,PL001,2022-08-02,Operator
W00556,Jesse Smith,PL031,2020-02-26,Supervisor
W00557,Stephen Anderson,PL024,2019-06-21,Operator
W00558,Micheal Conrad,PL036,2023-03-01,Operator
W00559,Paul Clark,PL025,2021-04-26,Engineer
W00560,Mark Gallagher,PL039,2019-12-04,Technician
W00561,Richard Payne,PL024,2015-07-25,Operator
W00562,Tiffany Robinson,PL018,2024-10-27,Operator
W00563,Abigail Smith,PL005,2016-01-02,Supervisor
W00564,Julia Ellis,PL008,2019-11-06,Operator
W00565,Denise Schwartz,PL028,2023-12-06,Supervisor
W00566,Kenneth Lopez,PL035,2018-01-17,Engineer
W00567,Caitlin Perez,PL045,2024-10-14,Operator
W00568,Crystal Weiss,PL020,2020-09-29,Technician
W00569,Jeffrey Moore,PL047,2020-06-05,Engineer
W00570,Jill Powell,PL026,2016-06-25,Supervisor
W00571,Stephanie Kirk,PL040,2019-07-18,Supervisor
W00572,Sydney James,PL026,2019-10-26,Operator
W00573,Christopher Bentley,PL045,2025-03-08,Supervisor
W00574,James Alvarez,PL027,2020-08-02,Supervisor
W00575,Robert Martin,PL045,2022-05-18,Engineer
W00576,Matthew Smith,PL038,2021-09-14,Operator
W00577,Andrew Bridges,PL005,2022-09-24,Supervisor
W00578,Joshua Morris,PL023,2018-02-08,Engineer
W00579,Derek Lucas,PL043,2017-03-07,Engineer
W00580,Sierra Simmons,PL012,2020-03-02,Operator
W00581,Luke Johnson,PL034,2018-10-06,Operator
W00582,Katherine Henderson,PL028,2024-12-31,Engineer
W00583,Megan Mclaughlin,PL018,2020-05-29,Technician
W00584,Mario Porter,PL034,2016-01-27,Technician
W00585,Brian Mcclain,PL013,2023-04-12,Technician
W00586,Troy Nelson,PL017,2023-07-19,Operator
W00587,James Short,PL042,2022-07-28,Technician
W00588,Michael Dorsey,PL010,2020-03-21,Engineer
W00589,Carrie Waller,PL041,2017-02-26,Technician
W00590,Christopher Hayes,PL044,2020-05-06,Engineer
W00591,Jose Perez,PL013,2016-06-08,Engineer
W00592,Tyler Robertson,PL010,2017-11-30,Engineer
W00593,Christine Woodward,PL008,2024-10-15,Operator
W00594,Kari Bailey,PL024,2016-09-01,Technician
W00595,Richard Vega,PL026,2017-01-28,Supervisor
W00596,Todd Clark,PL033,2019-09-02,Supervisor
W00597,Heidi Martinez,PL018,2024-03-06,Engineer
W00598,Alexis Carpenter,PL012,2018-08-08,Supervisor
W00599,Cole Sawyer,PL024,2020-10-06,Technician
W00600,Michelle Adams,PL037,2020-06-08,Supervisor
W00601,Vanessa Lee,PL044,2015-11-03,Engineer
W00602,Elaine Schultz,PL024,2016-02-03,Supervisor
W00603,Rebecca Small,PL011,2022-06-01,Operator
W00604,Patrick Barber,PL044,2021-12-12,Operator
W00605,Dennis Thomas,PL010,2017-10-30,Engineer
W00606,Meredith Johnson,PL019,2020-05-25,Supervisor
W00607,John Castaneda,PL041,2021-01-24,Technician
W00608,Ronald Taylor,PL019,2016-09-07,Technician
W00609,Kristen Whitehead,PL009,2023-08-01,Engineer
W00610,Michelle Webster,PL008,2018-01-01,Operator
W00611,Christy Mendez,PL047,2018-01-04,Supervisor
W00612,Mark Burke,PL031,2017-04-07,Operator
W00613,Dustin Martinez,PL038,2021-10-20,Operator
W00614,Samuel Spencer,PL003,2015-09-09,Engineer
W00615,Mr. Larry Morris II,PL032,2020-08-14,Engineer
W00616,Angela Herrera,PL022,2020-07-08,Engineer
W00617,Joseph Hawkins,PL039,2018-06-15,Technician
W00618,Christopher West,PL009,2015-12-27,Technician
W00619,Michelle Hernandez,PL004,2022-06-12,Engineer
W00620,George Smith,PL040,2024-03-04,Operator
W00621,Jennifer Cunningham,PL032,2016-05-20,Supervisor
W00622,Michelle Wilson,PL013,2021-08-30,Operator
W00623,David Gray,PL027,2015-08-08,Operator
W00624,Andrew Morris,PL015,2024-04-24,Operator
W00625,Charlotte Snyder,PL035,2023-04-07,Engineer
W00626,Kenneth Bird,PL013,2016-11-10,Technician
W00627,Eric Clay,PL015,2018-08-30,Engineer
W00628,Martin Mcdonald,PL013,2019-08-18,Technician
W00629,Jennifer Shields,PL019,2020-09-09,Supervisor
W00630,Jessica Woods,PL014,2022-05-19,Technician
W00631,Thomas Johnson,PL042,2017-12-26,Supervisor
W00632,Marie Garrett,PL034,2017-02-11,Operator
W00633,Diana Ramos,PL022,2015-10-13,Technician
W00634,Jesse Pratt,PL028,2019-07-14,Engineer
W00635,Sherry Lester,PL025,2024-01-14,Operator
W00636,Anita Jones,PL010,2018-02-16,Engineer
W00637,Joshua Johnson,PL021,2023-03-15,Engineer
W00638,Troy Adams,PL018,2023-10-08,Technician
W00639,Stacey Johnson,PL019,2023-05-29,Supervisor
W00640,Kelly Owens,PL035,2022-09-24,Technician
W00641,Eric Peters,PL043,2015-08-14,Technician
W00642,Samantha Martinez,PL035,2019-10-29,Technician
W00643,Edward Crawford,PL040,2020-04-09,Technician
W00644,Jimmy Diaz,PL033,2024-11-02,Supervisor
W00645,Stephanie Hill,PL024,2023-10-12,Operator
W00646,Donald Lowe,PL020,2016-11-24,Supervisor
W00647,Nicholas Grant,PL035,2024-07-13,Technician
W00648,Larry Lopez,PL031,2017-11-19,Operator
W00649,Connie Wilson,PL037,2025-03-31,Technician
W00650,Kyle Douglas,PL046,2021-03-29,Supervisor
W00651,Matthew Nichols,PL044,2017-11-19,Engineer
W00652,Heather Alvarado,PL028,2015-07-07,Technician
W00653,Courtney Kelly,PL035,2021-06-17,Engineer
W00654,Alejandro Brown,PL010,2024-10-27,Supervisor
W00655,Anna Smith,PL050,2016-12-07,Operator
W00656,Kristen Garcia,PL006,2021-02-28,Operator
W00657,Kristine Flores,PL050,2017-09-08,Supervisor
W00658,Paul Wolfe,PL022,2019-04-05,Operator
W00659,Denise Johns,PL036,2018-04-04,Engineer
W00660,Jeremy Adams,PL016,2017-08-14,Technician
W00661,Tyler Hicks,PL012,2024-06-21,Engineer
W00662,Amber Turner,PL023,2024-06-10,Engineer
W00663,Sarah Wolf,PL020,2022-06-23,Technician
W00664,Anthony Holland,PL017,2017-06-20,Operator
W00665,Emily Hammond,PL029,2017-06-04,Supervisor
W00666,Barbara Morris,PL009,2018-01-12,Operator
W00667,Brianna Cox,PL023,2024-04-13,Supervisor
W00668,Richard Harris,PL010,2015-08-16,Supervisor
W00669,Bruce Morris,PL044,2019-07-24,Engineer
W00670,Terry Adkins,PL029,2021-11-09,Supervisor
W00671,Linda Floyd,PL014,2023-12-01,Operator
W00672,Kimberly Davidson,PL014,2024-06-25,Operator
W00673,Rachel Evans,PL011,2025-06-10,Engineer
W00674,Teresa Ramirez,PL031,2020-01-20,Supervisor
W00675,Thomas Bennett,PL035,2020-09-01,Engineer
W00676,Victoria Robinson,PL007,2018-09-10,Supervisor
W00677,Andrea Dean,PL008,2023-04-20,Engineer
W00678,Robyn Smith,PL029,2015-12-01,Technician
W00679,Kathryn Anderson,PL046,2023-11-03,Technician
W00680,Luke Davis,PL013,2016-02-07,Engineer
W00681,Jonathan Gibson,PL033,2018-12-26,Technician
W00682,David Hall,PL017,2017-10-15,Engineer
W00683,Susan Martinez,PL019,2015-08-29,Engineer
W00684,Cindy Carr,PL008,2017-10-26,Technician
W00685,Angela Turner,PL038,2020-06-02,Technician
W00686,Kevin Pearson,PL033,2017-05-10,Technician
W00687,Daniel Welch,PL002,2019-07-21,Technician
W00688,Daniel Valenzuela,PL002,2016-11-16,Engineer
W00689,Lori Smith,PL032,2019-01-10,Supervisor
W00690,James West,PL022,2024-08-28,Operator
W00691,Michelle Richards,PL039,2022-08-20,Engineer
W00692,Elizabeth Figueroa,PL007,2024-05-04,Operator
W00693,Bryan Cooper,PL047,2024-04-07,Engineer
W00694,Gregory Cross,PL009,2021-09-02,Technician
W00695,James Klein,PL025,2020-08-09,Engineer
W00696,Jennifer Garcia,PL009,2020-08-18,Supervisor
W00697,Taylor Copeland,PL028,2022-09-23,Engineer
W00698,William Jones,PL015,2016-12-22,Supervisor
W00699,Eduardo Richard,PL039,2018-12-09,Operator
W00700,Carol Holt,PL040,2024-04-05,Technician
W00701,Amy Lee,PL033,2021-10-10,Supervisor
W00702,Kristen Wood,PL041,2021-10-05,Technician
W00703,Andrew Paul,PL039,2015-10-05,Operator
W00704,Kimberly Fox,PL026,2019-08-22,Operator
W00705,Larry Anderson,PL043,2017-03-13,Engineer
W00706,Deborah Jefferson,PL017,2024-04-30,Engineer
W00707,Natalie Brown,PL020,2023-04-07,Technician
W00708,Benjamin Young MD,PL048,2023-04-20,Supervisor
W00709,Jessica Berry,PL043,2016-01-23,Operator
W00710,John Long,PL027,2023-11-09,Engineer
W00711,Manuel Moon,PL031,2025-05-18,Technician
W00712,John Bell,PL009,2015-11-17,Supervisor
W00713,Alexis Bell,PL029,2025-01-03,Operator
W00714,Calvin Potts,PL003,2022-04-06,Operator
W00715,Edwin Lindsey,PL023,2017-05-10,Operator
W00716,Stephanie Gamble,PL016,2023-03-20,Technician
W00717,James Brady,PL041,2023-04-20,Supervisor
W00718,Robert Sanchez,PL005,2018-12-24,Supervisor
W00719,John Barrett,PL024,2024-01-26,Supervisor
W00720,Patty Silva,PL022,2017-01-30,Technician
W00721,Jenna Lewis,PL005,2024-06-29,Operator
W00722,Patricia Clark,PL027,2017-04-12,Engineer
W00723,Jonathan Dixon,PL007,2024-08-04,Supervisor
W00724,Collin Pope,PL028,2019-10-06,Supervisor
W00725,Victor Knox Jr.,PL009,2022-01-14,Technician
W00726,Joshua Edwards,PL034,2018-10-02,Engineer
W00727,Jennifer Weaver,PL028,2018-10-19,Supervisor
W00728,Anna Carson,PL013,2024-05-24,Operator
W00729,Richard Dickerson,PL040,2021-01-28,Technician
W00730,Devon Cooper,PL049,2018-09-29,Engineer
W00731,Dr. Kenneth Robinson,PL045,2020-12-30,Operator
W00732,Scott Cortez,PL024,2016-04-19,Operator
W00733,Megan Durham,PL020,2019-09-11,Supervisor
W00734,Jodi Williams,PL032,2020-04-15,Technician
W00735,Christy Obrien,PL044,2017-10-07,Engineer
W00736,Dylan Sharp,PL022,2023-02-15,Engineer
W00737,Donna Hunt,PL010,2016-01-11,Operator
W00738,Brad Morgan,PL031,2020-11-02,Engineer
W00739,Laura Jones,PL022,2015-06-29,Engineer
W00740,Kevin Daniels,PL043,2017-09-08,Operator
W00741,Laura Terry,PL046,2021-05-13,Operator
W00742,Charles Sanchez,PL041,2021-10-07,Engineer
W00743,James Church,PL018,2016-04-21,Operator
W00744,Jennifer Santos,PL009,2019-02-03,Technician
W00745,Shawn Brown,PL007,2018-10-15,Operator
W00746,Randy Kemp,PL003,2025-02-04,Supervisor
W00747,Megan Flynn,PL047,2020-09-26,Supervisor
W00748,Patricia Ruiz,PL004,2022-05-16,Operator
W00749,Faith Anderson,PL026,2024-04-13,Technician
W00750,Elizabeth Jones,PL024,2022-06-29,Technician
W00751,Brian Ritter,PL011,2018-06-21,Operator
W00752,Jenna Williams,PL024,2017-06-26,Operator
W00753,Jason Sims,PL016,2021-01-12,Operator
W00754,Terry Smith,PL024,2023-10-29,Technician
W00755,Deborah Bowers,PL042,2016-07-03,Engineer
W00756,Jose Arroyo,PL006,2016-11-22,Supervisor
W00757,George Howard,PL028,2022-10-01,Technician
W00758,Douglas Mathis,PL015,2023-04-10,Engineer
W00759,Rebecca Tucker PhD,PL022,2021-03-12,Technician
W00760,Molly Garza,PL023,2022-02-16,Engineer
W00761,Kyle Bradshaw,PL031,2019-05-13,Operator
W00762,George Hernandez,PL026,2022-04-19,Technician
W00763,Brandi Guzman,PL002,2024-07-15,Engineer
W00764,Jessica Young,PL014,2024-02-14,Engineer
W00765,Rachel Gill,PL018,2023-01-04,Operator
W00766,Paula Miller,PL010,2017-06-23,Supervisor
W00767,Diana Rodriguez,PL001,2020-06-06,Supervisor
W00768,Daniel Cook,PL020,2024-01-16,Engineer
W00769,Ashley Mcbride,PL001,2019-08-28,Operator
W00770,Anita Graham,PL039,2017-07-13,Operator
W00771,Jonathan Collier,PL018,2016-09-10,Supervisor
W00772,Victoria Wright,PL020,2018-02-13,Technician
W00773,Patricia Rivera,PL002,2021-08-11,Supervisor
W00774,Richard Soto,PL009,2018-02-03,Engineer
W00775,Michael Fleming,PL029,2022-06-27,Engineer
W00776,Kelly Bautista,PL041,2019-11-12,Technician
W00777,Leah Mendez,PL016,2025-03-13,Operator
W00778,Mark Myers,PL041,2017-04-12,Technician
W00779,Christopher Skinner,PL045,2025-05-25,Engineer
W00780,David Hanna,PL022,2015-12-22,Engineer
W00781,Michael Rice,PL047,2024-05-27,Engineer
W00782,Kevin White,PL007,2022-07-08,Supervisor
W00783,Lisa Rivera,PL040,2024-09-23,Supervisor
W00784,Paul Hall,PL023,2018-01-25,Engineer
W00785,Veronica Bell,PL038,2020-04-30,Technician
W00786,Jesse Richardson,PL022,2020-07-17,Operator
W00787,Amber Obrien,PL029,2021-04-19,Engineer
W00788,Ashley Gamble,PL048,2018-11-29,Technician
W00789,Jose Ramirez,PL038,2021-05-24,Operator
W00790,Erik Lee,PL017,2019-09-06,Technician
W00791,Todd Johnson,PL006,2016-08-11,Supervisor
W00792,Stephen Short,PL040,2017-07-22,Engineer
W00793,Miss Alyssa Mathis,PL013,2021-11-16,Engineer
W00794,Austin Wilson,PL016,2024-06-30,Supervisor
W00795,Courtney Johnson,PL022,2020-12-25,Technician
W00796,Kelly Wagner,PL027,2016-12-24,Operator
W00797,Michael Howard,PL040,2016-02-04,Technician
W00798,Lisa York,PL028,2015-10-27,Engineer
W00799,Sarah Hunt,PL001,2020-01-20,Engineer
W00800,Angela Sanders,PL024,2015-12-20,Supervisor
W00801,Amy Stanley,PL006,2017-06-17,Engineer
W00802,Carrie Mejia,PL013,2024-07-15,Operator
W00803,Roberta Matthews,PL041,2015-11-11,Operator
W00804,Kathleen Brown,PL031,2016-03-19,Supervisor
W00805,Eric Morgan,PL019,2022-04-11,Supervisor
W00806,Randall Costa,PL035,2025-04-26,Engineer
W00807,Alejandro Ruiz,PL025,2018-01-05,Engineer
W00808,Kendra Meyer,PL019,2017-07-19,Supervisor
W00809,James Jones,PL015,2022-11-01,Operator
W00810,Becky Taylor,PL011,2020-04-26,Technician
W00811,Oscar Henderson,PL002,2024-04-04,Supervisor
W00812,Joshua Holt,PL028,2016-02-20,Technician
W00813,Ronald Lopez,PL020,2015-11-27,Supervisor
W00814,Patricia Phillips,PL022,2025-06-13,Technician
W00815,Daniel Edwards,PL032,2018-11-07,Technician
W00816,William Martin,PL026,2024-07-31,Supervisor
W00817,Charles Ferguson,PL034,2019-07-12,Engineer
W00818,Marcus Ramsey,PL045,2021-05-12,Operator
W00819,Stephen Johnson,PL003,2016-11-05,Engineer
W00820,Mike Barrett,PL028,2017-06-29,Engineer
W00821,Ashley Reyes,PL008,2024-07-18,Operator
W00822,Suzanne Boyd,PL049,2022-10-26,Technician
W00823,Edward Waters,PL039,2022-04-17,Technician
W00824,Erin Richardson,PL040,2020-08-31,Technician
W00825,Antonio Hernandez,PL023,2025-04-01,Supervisor
W00826,Dalton West,PL004,2025-05-04,Operator
W00827,Daniel Hawkins,PL020,2015-11-08,Engineer
W00828,Cindy Mcknight,PL025,2019-04-14,Technician
W00829,Steven Long,PL008,2019-05-30,Operator
W00830,Mr. Brandon Key,PL005,2018-12-09,Technician
W00831,Benjamin Jones,PL027,2018-10-22,Engineer
W00832,Kyle Glass,PL016,2022-11-23,Technician
W00833,Jasmine Smith,PL042,2025-04-07,Technician
W00834,Joe Rodriguez,PL036,2016-01-04,Supervisor
W00835,Charlene Brock,PL028,2022-08-12,Supervisor
W00836,Angela Marshall,PL012,2024-08-11,Supervisor
W00837,Mark Snyder,PL050,2018-11-29,Supervisor
W00838,Robert Smith,PL026,2019-01-13,Operator
W00839,Danielle Walters,PL005,2018-05-01,Operator
W00840,Timothy Barry,PL033,2019-08-18,Technician
W00841,Nicole Coleman,PL017,2017-03-25,Operator
W00842,David Wu,PL002,2019-06-13,Operator
W00843,Kenneth Smith,PL034,2023-06-01,Operator
W00844,Lisa Delacruz,PL033,2025-02-10,Operator
W00845,Sandra Johnson,PL006,2021-12-10,Technician
W00846,Jennifer Cox,PL049,2020-10-31,Supervisor
W00847,Donald Phillips,PL049,2018-01-27,Engineer
W00848,Jill Branch,PL038,2018-01-04,Technician
W00849,Kyle Sullivan,PL025,2019-03-08,Technician
W00850,Charles Smith,PL012,2024-03-15,Engineer
W00851,Candice Joyce,PL036,2022-04-24,Supervisor
W00852,Natalie Villarreal,PL023,2022-07-09,Engineer
W00853,Gregory Andrews,PL036,2019-06-08,Supervisor
W00854,Karen Rodriguez,PL025,2017-07-23,Technician
W00855,Larry Adkins,PL025,2020-10-12,Supervisor
W00856,Michelle Elliott,PL010,2016-01-22,Engineer
W00857,Brandon Harris,PL033,2019-01-03,Technician
W00858,Tyler Kirby,PL025,2018-11-20,Operator
W00859,Kurt Barton,PL004,2016-10-27,Supervisor
W00860,Jason Scott,PL048,2023-03-27,Operator
W00861,Juan Nelson,PL049,2021-05-16,Technician
W00862,Daniel Murray,PL036,2022-01-12,Technician
W00863,Jay Gordon,PL008,2025-03-13,Engineer
W00864,Kevin Marshall,PL032,2018-07-20,Supervisor
W00865,Jeffrey Lane,PL009,2020-01-24,Technician
W00866,Tammy Lopez,PL038,2020-09-26,Engineer
W00867,Tony Hoffman,PL043,2017-03-20,Supervisor
W00868,William Wright,PL023,2018-09-01,Technician
W00869,Matthew Jones,PL040,2018-06-28,Operator
W00870,Patrick Johnston,PL024,2019-12-09,Technician
W00871,Marcus Charles,PL036,2024-10-06,Technician
W00872,James Smith,PL049,2021-05-27,Technician
W00873,Tiffany House MD,PL003,2018-06-19,Engineer
W00874,Timothy Jenkins,PL045,2020-03-05,Operator
W00875,Patricia Garcia,PL001,2015-07-03,Operator
W00876,Felicia Pacheco,PL040,2019-03-27,Operator
W00877,Jennifer Hill,PL050,2015-09-26,Engineer
W00878,Vicki Ball,PL037,2016-08-28,Supervisor
W00879,Ariel Howell,PL010,2023-09-30,Supervisor
W00880,Colleen Williams,PL041,2025-04-23,Supervisor
W00881,Kathryn Allison,PL021,2021-10-05,Engineer
W00882,Ernest Hurley,PL003,2018-04-23,Engineer
W00883,Tyler Morgan,PL039,2015-06-23,Operator
W00884,Gregory Morales,PL047,2022-01-26,Engineer
W00885,Russell Gilbert,PL026,2023-07-15,Supervisor
W00886,Margaret Morgan,PL027,2017-08-14,Engineer
W00887,Joseph Johnston,PL020,2023-12-09,Operator
W00888,Paul Sandoval,PL042,2018-01-20,Operator
W00889,Ricardo Scott,PL036,2024-10-31,Engineer
W00890,Michael Alexander,PL026,2016-02-18,Supervisor
W00891,Mary Wong,PL001,2025-03-19,Supervisor
W00892,Regina Torres,PL021,2015-07-12,Supervisor
W00893,Jenny Lawrence,PL028,2024-10-11,Operator
W00894,Mark Hawkins,PL003,2019-01-25,Supervisor
W00895,Brendan Mckinney,PL012,2023-08-28,Engineer
W00896,Lori Lee,PL044,2018-06-20,Technician
W00897,Katrina Rios,PL046,2021-07-06,Engineer
W00898,Scott Nichols,PL031,2025-03-29,Engineer
W00899,Tyler Williams,PL037,2017-02-22,Supervisor
W00900,Bradley Green,PL029,2025-01-29,Technician
W00901,Richard Nunez DVM,PL041,2019-09-01,Supervisor
W00902,Karen Moore,PL001,2015-09-30,Supervisor
W00903,Joel Doyle,PL040,2023-03-19,Technician
W00904,Mitchell Becker,PL030,2016-04-29,Operator
W00905,Robert Hood,PL042,2016-11-06,Supervisor
W00906,Cody Mcdaniel,PL048,2018-06-12,Operator
W00907,Amanda Olsen,PL027,2017-02-09,Supervisor
W00908,Jason Ross,PL024,2023-06-10,Technician
W00909,Kevin Santana,PL015,2015-09-26,Technician
W00910,James Tanner,PL045,2019-01-19,Technician
W00911,Nicholas Gray,PL046,2021-06-08,Supervisor
W00912,Sara Berry,PL010,2020-12-19,Operator
W00913,Mr. Jeremy Dougherty,PL045,2022-01-06,Technician
W00914,Robert Parker,PL033,2017-02-21,Engineer
W00915,Kevin Armstrong Jr.,PL047,2024-01-29,Engineer
W00916,Matthew Holt,PL037,2018-08-30,Operator
W00917,Steven Malone,PL023,2019-06-25,Supervisor
W00918,Mary Adams,PL042,2016-11-25,Engineer
W00919,James Yoder,PL032,2021-02-28,Engineer
W00920,Jeremy Mullins,PL030,2019-06-29,Supervisor
W00921,Diane Whitaker,PL020,2016-02-18,Engineer
W00922,Frank Hawkins,PL015,2025-04-04,Operator
W00923,Megan Bowen,PL038,2025-02-18,Technician
W00924,Lindsay Marshall,PL044,2018-04-12,Operator
W00925,Amanda Rhodes,PL042,2020-02-25,Engineer
W00926,Thomas Farmer,PL025,2023-05-18,Operator
W00927,Robert Harrell,PL019,2022-10-10,Technician
W00928,Kayla Hoffman,PL015,2020-08-06,Technician
W00929,Katherine Gutierrez,PL042,2020-07-25,Technician
W00930,Justin Vincent,PL014,2023-07-01,Engineer
W00931,Barbara Maldonado,PL010,2023-11-03,Operator
W00932,James Avery,PL030,2021-05-02,Engineer
W00933,Ann Steele,PL035,2024-06-27,Engineer
W00934,Kelly Martin,PL003,2019-03-14,Technician
W00935,Pamela Moreno MD,PL011,2017-10-11,Supervisor
W00936,Paul Salazar,PL049,2025-06-07,Operator
W00937,Robert Curtis,PL006,2024-05-03,Operator
W00938,Grace Kennedy,PL035,2024-11-06,Engineer
W00939,Connie Wheeler,PL044,2017-09-22,Technician
W00940,Travis Murray,PL026,2016-08-14,Operator
W00941,Kayla Drake,PL009,2018-01-01,Engineer
W00942,Holly Shannon,PL020,2020-06-10,Supervisor
W00943,Michael Sanchez,PL032,2017-04-29,Technician
W00944,James Harris,PL005,2023-12-23,Operator
W00945,Amy Moore,PL043,2022-05-12,Engineer
W00946,Gabriel Cannon,PL008,2023-12-13,Operator
W00947,Dakota Stein,PL044,2024-11-27,Supervisor
W00948,Suzanne Ewing,PL037,2023-04-17,Operator
W00949,Eric Simmons,PL009,2018-05-25,Operator
W00950,Robert Mayer,PL014,2019-05-17,Operator
W00951,William Steele,PL007,2024-12-11,Technician
W00952,Robert Guerra,PL030,2020-07-13,Engineer
W00953,Sherry Russell,PL021,2017-11-10,Engineer
W00954,Daniel Ross,PL020,2019-01-13,Supervisor
W00955,David Martinez MD,PL004,2015-08-01,Engineer
W00956,Ms. Suzanne Norman DVM,PL041,2019-10-24,Engineer
W00957,Sean Thomas,PL006,2016-04-04,Technician
W00958,Dana Ware,PL045,2023-05-03,Operator
W00959,Danielle Jones,PL041,2019-05-05,Supervisor
W00960,Stephanie Brooks,PL006,2021-09-15,Supervisor
W00961,Ronnie Wright,PL005,2023-12-13,Engineer
W00962,Megan Knapp,PL011,2017-01-11,Operator
W00963,Richard Gordon,PL034,2023-12-27,Engineer
W00964,William Munoz,PL004,2016-03-14,Engineer
W00965,Michael Hinton,PL041,2024-08-16,Technician
W00966,Gabriella Wood,PL028,2023-11-20,Technician
W00967,Jonathan Maxwell,PL040,2017-04-28,Supervisor
W00968,Scott Luna,PL015,2022-04-16,Engineer
W00969,William Walters,PL005,2022-06-07,Engineer
W00970,Lorraine Perry,PL028,2017-01-03,Engineer
W00971,Michael Mckee MD,PL020,2021-08-29,Technician
W00972,Kimberly Sawyer,PL026,2015-11-16,Operator
W00973,Alexander Howell,PL045,2021-09-29,Operator
W00974,Hunter Gibson,PL045,2017-02-15,Operator
W00975,Sara West,PL009,2021-02-27,Operator
W00976,Hailey Banks,PL019,2017-05-29,Operator
W00977,Paul Owens,PL004,2017-07-01,Engineer
W00978,Sarah Singh,PL009,2019-12-23,Operator
W00979,Maria Lucas,PL027,2019-01-22,Supervisor
W00980,Eric Keith,PL026,2021-06-22,Operator
W00981,Zachary Davis,PL046,2023-05-16,Operator
W00982,Shari Adkins,PL048,2023-06-28,Engineer
W00983,Michelle Fowler,PL019,2022-05-23,Technician
W00984,Matthew Brown,PL018,2018-11-11,Supervisor
W00985,Katherine Patton,PL041,2020-08-06,Engineer
W00986,Christopher Marshall,PL027,2022-07-07,Engineer
W00987,Joshua Smith,PL019,2015-07-28,Supervisor
W00988,Donald Griffin,PL011,2017-02-04,Supervisor
W00989,Kelly Davis,PL031,2021-09-20,Operator
W00990,Jill Nunez,PL034,2020-02-21,Operator
W00991,Tracey Cannon,PL007,2020-03-06,Technician
W00992,David Fitzgerald,PL013,2024-01-07,Supervisor
W00993,Sara Stevens,PL027,2025-03-30,Supervisor
W00994,Tammy Summers,PL038,2020-08-23,Supervisor
W00995,Christina Young,PL015,2022-11-10,Engineer
W00996,Pamela Powers,PL019,2021-07-28,Supervisor
W00997,Christopher Smith,PL012,2023-08-03,Supervisor
W00998,Ashlee Jordan,PL002,2018-03-29,Engineer
W00999,Robert Benson,PL004,2023-12-16,Operator
W01000,Miranda Crawford,PL050,2023-12-16,Supervisor
