propertyID,address,city,type,price,status
P00001,"79395 Stewart Centers Apt. 705, Woodardberg, NM 32058",Schmidtland,Condo,1908451,Available
P00002,"121 Walker Bridge Suite 174, Chandlerborough, CA 08020",North Kevinfurt,House,146308,Available
P00003,"269 Hancock Creek, Thompsonland, MN 65052",Paulbury,Apartment,1983931,Available
P00004,"3289 Elizabeth Oval Apt. 354, Ryanfort, ME 60966",South Vanessachester,Apartment,1081986,Available
P00005,"316 Smith Villages Apt. 081, Valenzuelaville, HI 99265",Garciaborough,Apartment,1969869,Available
P00006,"3055 Charles Landing Apt. 454, West Teresaville, UT 80244",Romanton,Condo,338046,Rented
P00007,"791 Fisher Trafficway, Joshuachester, MD 33396",East Christinehaven,House,1584790,Available
P00008,"76753 Smith Orchard Suite 252, North Kaitlyn, WY 94484",Christinamouth,Land,1286501,Sold
P00009,"171 Navarro Spring Apt. 358, New Scott, VT 97718",South Gerald,House,1852080,Sold
P00010,"150 Moreno Views, West Timothyshire, ND 27170",New Stephaniebury,House,981093,Sold
P00011,"9814 Brandy Square, North Sarah, GU 97869",West Jamesberg,Apartment,852091,Rented
P00012,"2260 Jacobson Points Apt. 230, West Kayla, MA 90652",Reginabury,Apartment,260848,Sold
P00013,"8467 Davis Plaza, Brandonland, PW 43849",Port Carol,Apartment,1829457,Rented
P00014,"3241 Hill Crest Suite 509, Lake Tinashire, WY 54026",Ryanside,House,1149730,Available
P00015,"042 Kayla Hollow Apt. 218, West Debbiebury, MH 34712",Emilychester,House,114358,Sold
P00016,"PSC 7493, Box 9961, APO AA 03370",Harryburgh,Condo,1222231,Rented
P00017,"03828 Stephanie Causeway, Taylorburgh, IL 32999",North Ronald,House,497711,Sold
P00018,"46174 Nicole Stream, West Melissaborough, MA 90896",Teresafort,Apartment,342242,Sold
P00019,"90084 French Extension Apt. 938, Christopherburgh, MP 20527",New Jeffery,Condo,611581,Rented
P00020,"734 Higgins View, New Andrewtown, SD 93898",Clarkton,Apartment,1204607,Available
P00021,"339 Chad Spring Suite 511, New Laurenchester, MT 70658",Samanthastad,Condo,213182,Rented
P00022,"1875 Hughes Station Suite 165, Port Deniseview, ID 39076",Lake Alexanderfort,Condo,1908747,Sold
P00023,"Unit 3987 Box 2006, DPO AA 20419",New Ryanburgh,Condo,1450720,Available
P00024,"7026 John Pass, New Sylvia, ID 42030",Port Jessicafurt,Apartment,521643,Available
P00025,"PSC 3804, Box 6996, APO AA 84682",Morenomouth,Land,1417540,Available
P00026,"2683 Daniel Square Apt. 391, West Patriciabury, FL 94508",Mcclaintown,House,1213821,Available
P00027,"5672 Charles Springs, Lake Alexisville, CO 76424",Lake Keith,Condo,1175033,Rented
P00028,"352 Zachary Stream Apt. 904, Port Erica, OR 71245",Port Heather,House,508820,Sold
P00029,"6291 Samantha Centers Apt. 859, Baileymouth, SD 18050",Lake Darlenehaven,House,1151356,Available
P00030,"0036 Christopher Orchard, West Peter, AL 30085",Brandonville,Land,1484167,Sold
P00031,"4261 Newman Ranch Apt. 814, East Christy, NH 77145",New Autumnfurt,Land,680017,Available
P00032,"223 Rojas Curve, Colleenview, OK 81115",Erinburgh,Condo,1702883,Sold
P00033,"690 Kim Center Apt. 406, Fisherfort, SC 29695",North Gina,Apartment,1797757,Sold
P00034,"39625 Robert Rue Suite 924, Robertsontown, ND 55896",New Heather,Land,1839895,Rented
P00035,"162 Stanley Track, Meganmouth, VI 96682",Stephaniemouth,Condo,1628240,Available
P00036,"0409 Daniel Mill, Lake James, TN 56119",Williamsbury,House,621394,Available
P00037,"95106 Hayes Turnpike Apt. 765, Butlerbury, ND 51214",Port Heather,Apartment,437024,Available
P00038,"478 Jeff Manors, Kellymouth, OR 85542",Kyleshire,House,949607,Rented
P00039,"USNV Hobbs, FPO AA 08401",Jonesmouth,Condo,1959392,Rented
P00040,"645 Hanna Walks, Brianton, PR 32624",Lake Brittanyfort,Condo,1005934,Rented
P00041,"8405 Dawson Fort, West Christopher, DE 53471",Johnhaven,Land,356624,Rented
P00042,"026 Lee Court Suite 916, Margarethaven, WA 58508",West Cynthia,Condo,281241,Sold
P00043,"541 Hall Groves, Vincenttown, AK 70499",Williamburgh,Apartment,1489377,Available
P00044,"12845 Moore Extension, Teresaland, NY 97898",Carrieberg,Condo,1771064,Available
P00045,"4310 Graham Springs, Davidland, AZ 29191",Schneiderville,Land,1114644,Rented
P00046,"6297 Tiffany Road, Stevenfort, TN 27655",East Mikayla,Apartment,477883,Rented
P00047,"74813 Mayer Crossing, Zoeside, MS 66812",Hickmanbury,Condo,1848681,Sold
P00048,"5630 Buckley Islands Suite 959, East Margarettown, AL 61898",Davidberg,House,962517,Available
P00049,"787 Holmes Green Apt. 092, Mcgrathview, SD 43310",Frostton,Apartment,1721298,Sold
P00050,"283 Taylor Fort, West Mitchelltown, MH 83611",Robertstad,Apartment,1319778,Rented
P00051,"6269 Sarah Ridge Apt. 212, North Candice, VA 72533",Paulshire,House,1741550,Available
P00052,"USCGC Taylor, FPO AP 63843",Port Rachelberg,Apartment,385424,Available
P00053,"267 Alexander Circle, Erikaland, PW 85103",Port Mirandaport,Condo,1041997,Available
P00054,"2010 Graves Dale Suite 608, New Mary, VI 56066",West Mark,Apartment,1400577,Sold
P00055,"590 Wells Roads Apt. 361, Brownchester, CO 36028",North Reginafurt,House,129334,Rented
P00056,"1839 Garcia Springs, Harristown, CO 38473",Snyderberg,House,197439,Rented
P00057,"4725 Darren Islands Apt. 116, Port Jennifer, CT 81515",South Josephtown,Condo,734722,Available
P00058,"109 Sean Walk Suite 102, Port Joshua, MD 08568",West Andrea,House,125968,Sold
P00059,"361 Preston Key Apt. 783, South Elizabeth, NJ 52445",Port Kelseyland,Condo,1626676,Sold
P00060,"51225 Bill Junctions, New Tamarabury, SD 39243",South Nicholasview,Apartment,979820,Sold
P00061,"407 Goodman Square Apt. 967, Bensonland, MD 80306",East Nathanielhaven,House,1053478,Rented
P00062,"772 Travis Fort Apt. 979, New Philipstad, TN 08645",Thomasside,House,104377,Available
P00063,"056 Michael Divide, Daltonstad, MT 81201",Mistychester,House,492407,Sold
P00064,"415 Alexandria Prairie Apt. 918, Theodoremouth, TX 23678",Jasonhaven,House,1476625,Available
P00065,"7479 Richard Dale, Tiffanyburgh, OH 54400",Lorraineview,Apartment,1299386,Sold
P00066,"942 Vincent Unions, South Jeffrey, RI 30421",Lake Amandachester,House,870904,Available
P00067,"252 Holly Greens Apt. 177, Port Shawn, IL 72888",East Eric,House,113404,Available
P00068,"771 Joseph Roads, Johnstonbury, VA 04803",East Theresaland,Apartment,1577646,Available
P00069,"976 Matthew Stravenue Apt. 667, New Kevinstad, MT 91012",Drakeside,House,1511294,Sold
P00070,"242 Gallagher Islands, Port Cindy, PW 81645",Lake Victoria,Land,1639627,Sold
P00071,"6902 David Light, Lake Stevenshire, IL 03251",East Joseph,Condo,1587045,Rented
P00072,"6019 Lewis Mountains Apt. 374, North Matthew, TX 83308",Matthewstad,Condo,501516,Sold
P00073,"0973 Jessica Junction Suite 415, Kevinchester, MI 72037",Lake Sabrinachester,Condo,1077302,Sold
P00074,"81422 Calvin Divide, Carrollchester, CA 31656",Petersonbury,Condo,467379,Sold
P00075,"018 Ward Freeway, Michaelfort, MA 32124",Parkermouth,Condo,146199,Available
P00076,"727 Wilson Course, Lisaside, WA 13422",North Richardshire,Apartment,446402,Rented
P00077,"5444 Hughes Springs, Port Jefferyshire, CO 17636",Nicolefort,House,1122716,Rented
P00078,"484 Lori Island Suite 539, East Kevin, OH 58159",North Jamesmouth,Condo,1980259,Sold
P00079,"4227 Sandra Course Apt. 726, Port Ashleeview, TN 27500",Beverlyhaven,Condo,615269,Rented
P00080,"0311 Cook Viaduct Apt. 312, Port Cheryl, NC 60253",Josephland,House,795100,Available
P00081,"PSC 4393, Box 6847, APO AP 23346",Sherylview,Apartment,155593,Rented
P00082,"23940 Valerie Curve Suite 143, South John, IN 61170",South Marissa,House,1264150,Rented
P00083,"133 Day Course Suite 855, New Justin, SC 83501",Taylortown,Apartment,502641,Available
P00084,"680 Lewis Corner, Bradyberg, SD 41243",Thomaschester,Apartment,1643098,Available
P00085,"700 Hill Shore, Lopezhaven, AK 25096",Erinside,Condo,1911584,Available
P00086,"8711 Jose Stream, New Michaelchester, FM 56261",Johnton,Land,1440012,Rented
P00087,"9601 Montgomery Forges Suite 105, West Courtney, WV 08211",Port Charlesmouth,House,1549036,Rented
P00088,"18378 Leah Club Apt. 648, Lake Monicaberg, TN 75486",Mariaside,House,768257,Rented
P00089,"592 Phillips Estates Apt. 868, Lake Kelsey, WV 16811",Lewismouth,Land,127079,Rented
P00090,"4433 Edwards Rest Apt. 299, Andreashire, GU 84883",Jennifermouth,House,1572247,Available
P00091,"488 Jordan Fields Apt. 075, Kevinstad, WI 77083",West Alyssastad,House,846774,Rented
P00092,"7615 Samuel Vista Suite 703, West Joshuachester, FL 26289",West Jamie,Condo,1917148,Available
P00093,"7890 Smith Valley Suite 995, North Bradleyport, OH 07251",East Pamelaton,House,1668022,Rented
P00094,"PSC 9039, Box 2431, APO AE 14619",Port Stevenborough,Apartment,921322,Available
P00095,"74740 Nash Ramp, Herrerafurt, UT 20283",East Kevinstad,House,253266,Sold
P00096,"8634 Kimberly Course Apt. 092, Harrishaven, AR 96536",Port Tiffanyton,Condo,491857,Sold
P00097,"Unit 4094 Box 6842, DPO AP 84933",Kimberlyland,Land,1242983,Rented
P00098,"89106 Rodriguez Underpass, Hicksview, NC 39455",Reynoldsfurt,Condo,1025638,Sold
P00099,"320 Nelson Springs, North Cristian, GU 89849",Port Annmouth,Land,1116261,Available
P00100,"3309 Ronald Street, West Sarahburgh, IA 97183",North Roberto,Apartment,1596927,Sold
P00101,"906 Jason Shore Suite 206, Lake Carlahaven, NE 60374",Bautistafurt,Apartment,570110,Available
P00102,"792 Cheryl Court, Lozanomouth, NY 66155",Rothmouth,Apartment,82273,Rented
P00103,"846 Amy Crossing Apt. 009, Port Kimberly, NM 66771",South Nicoleburgh,House,722675,Sold
P00104,"180 Julie Overpass, Maryhaven, NH 93626",Chelseaport,Condo,1669454,Available
P00105,"74404 Kathryn Motorway, West Johnland, TX 02432",North Maryberg,Apartment,761666,Rented
P00106,"PSC 8249, Box 1720, APO AP 83667",South Tommy,Land,1008332,Sold
P00107,"06020 Rodriguez Fall Suite 122, Scottstad, SC 31078",Marthastad,Apartment,595915,Rented
P00108,"061 Wright Green Suite 321, Lake Nicholaschester, KS 61348",Nathanfurt,Condo,1439516,Rented
P00109,"20247 Jenkins Radial Suite 849, Baileybury, DC 06704",Woodberg,House,210946,Available
P00110,"599 Williams Island, Lydiahaven, NM 35475",East Leeburgh,Condo,1057113,Rented
P00111,"12627 Butler Viaduct, Maryton, VI 76045",Avilaland,Apartment,1487632,Available
P00112,"401 Sean Dale, Benjaminmouth, TN 66862",Lake Cheryl,Land,1618540,Available
P00113,"1815 Weaver Roads, Port Johnny, DE 48439",Morseburgh,Condo,1119295,Rented
P00114,"1259 Hammond Club, New Mitchellberg, IN 77497",North Lindafort,Land,131387,Sold
P00115,"USS Massey, FPO AA 80479",Lake Joshua,Condo,1039507,Available
P00116,"87244 Molina View, Gregoryshire, MN 78521",North Frankville,Apartment,281940,Sold
P00117,"38722 Strong Drives, Lake Billybury, WV 47379",Washingtonshire,House,1932305,Sold
P00118,"8298 Jacob Lodge, East Williamchester, NV 74180",Martinezfurt,Condo,1772361,Available
P00119,"PSC 6936, Box 4742, APO AP 72748",Port Johnny,Condo,1194376,Available
P00120,"274 Bradshaw Run, North Aaron, CT 52116",Port Michael,House,984245,Rented
P00121,"43975 Johnny Plain, North Adam, CT 10599",Port Joseph,House,187893,Rented
P00122,"43577 Dean Cove Suite 265, Craneport, IA 37872",Rogersburgh,Apartment,1276010,Rented
P00123,"247 Juan Rue, Jeffreyview, SD 15325",Rogerfurt,Land,787940,Sold
P00124,"PSC 0683, Box 8832, APO AP 04244",South Melissaville,Condo,1920385,Sold
P00125,"95525 Rachel Green Suite 339, South John, FL 95575",Sharpville,Condo,841137,Sold
P00126,"9774 Watson Meadows Suite 725, Lake Joshua, KY 57942",West Isabellastad,Land,1868523,Sold
P00127,"85978 Joseph Gardens Apt. 096, New Jennifer, CO 52421",Robinsonbury,Land,1391166,Rented
P00128,"913 Christian Rapids, Robinsonfurt, MH 86973",West Pamelatown,Land,842957,Rented
P00129,"8553 Hughes Green Suite 086, Robertmouth, AZ 69734",Smithhaven,Condo,1842991,Sold
P00130,"USNV Martinez, FPO AA 64698",Longhaven,Condo,1753014,Rented
P00131,"85091 Arnold Crescent Suite 717, Danielborough, AZ 48229",South Jacob,Apartment,236230,Available
P00132,"2662 Mendoza Drive Suite 667, Williebury, HI 05325",Adamton,House,132536,Rented
P00133,"36385 Bond Manor Apt. 719, South Kimberly, AZ 36731",Lindseyborough,Apartment,630004,Rented
P00134,"3672 Pugh Fall Suite 846, South Alex, MD 19137",Port Sandra,Condo,1920234,Rented
P00135,"4659 Deborah Estates, South Kimberlyland, KY 93014",Ebonyside,Condo,1674822,Rented
P00136,"PSC 1431, Box 6675, APO AA 14030",Port Saraside,Apartment,1993772,Available
P00137,"15161 Miller Spring Suite 842, Andersonborough, DE 70005",North Traceyside,Condo,1098797,Available
P00138,"7222 Rhonda Courts, Johnberg, NY 13821",South Vanessa,Condo,566210,Available
P00139,"56368 Herrera Path Apt. 626, Wandahaven, HI 64690",Kevintown,Apartment,205780,Sold
P00140,"18641 Kelly Trail Apt. 336, Garciaburgh, VT 97647",West Jonathanchester,Land,391894,Available
P00141,"PSC 8500, Box 0503, APO AP 46130",Chanland,House,1601703,Rented
P00142,"PSC 5592, Box 9664, APO AA 28712",Lake Tabithastad,House,726486,Available
P00143,"08807 Timothy Circle, East Jameshaven, WI 13291",Lesliefurt,House,1551811,Available
P00144,"5413 Day Lake Suite 421, Edwardsberg, OR 51601",North Ashley,House,1189208,Rented
P00145,"08835 Brooke Crescent Apt. 661, New Natashaville, MP 30398",East Kimberlyborough,Land,1787198,Sold
P00146,"67108 Barbara Heights, New Martha, AR 33491",South Heather,Apartment,1288660,Rented
P00147,"393 Phillips Knoll Apt. 787, Jessicabury, RI 95027",Oliverfurt,Land,757693,Sold
P00148,"52141 Martinez Cliffs, South Amanda, IN 23124",Farleychester,Land,1717964,Sold
P00149,"32545 Rachel Mount Apt. 066, Montoyachester, CO 11524",Lake John,House,408946,Sold
P00150,"529 Megan Ridges Suite 731, West Jeanview, ND 50978",Brittanyhaven,Apartment,1787424,Available
P00151,"5368 Hayes Club, Kevinfort, VT 29267",Lake Joelhaven,Apartment,967364,Available
P00152,"96820 Anthony Summit, North Noah, UT 81017",Meganberg,House,1314781,Available
P00153,"69767 Mario Wall, South Michael, SD 17411",West Michele,Condo,670578,Available
P00154,"USNV Molina, FPO AA 96962",West Anthony,Land,1626999,Sold
P00155,"9233 Melissa Mills, Arthurmouth, GA 56165",North Brian,Apartment,1296820,Sold
P00156,"PSC 8796, Box 0586, APO AP 21475",Stewartburgh,Land,856968,Sold
P00157,"3529 Delgado Throughway, New Normafurt, HI 37110",Deniseshire,House,1181344,Sold
P00158,"270 Cathy Ridge Suite 462, East Benjamin, GA 85147",Taylorborough,Condo,717456,Sold
P00159,"PSC 1075, Box 1044, APO AE 64447",East Thomasfurt,Apartment,871252,Rented
P00160,"726 Good Forks, West Anthonymouth, PR 07491",North Natalie,Condo,1509375,Rented
P00161,"9757 Rachel Ways, West Tammyfort, SC 05201",Lake Cindymouth,Condo,1916820,Sold
P00162,"221 Gray Mountain Apt. 221, Aaronport, ND 01697",Thomasbury,Apartment,1882327,Rented
P00163,"51681 Williams Drive, Stewartside, MS 39025",South Davidburgh,Apartment,1051429,Available
P00164,"643 Brian Trafficway, Orozcoshire, IA 24016",Adammouth,Condo,1522010,Available
P00165,"Unit 6594 Box 0917, DPO AP 77524",Cooperborough,Condo,166063,Rented
P00166,"Unit 3537 Box 4821, DPO AE 07130",New Katiestad,Land,1348151,Available
P00167,"4613 Jones Landing, Silvashire, ND 92049",South Tyler,Land,178449,Rented
P00168,"496 Sims Course Suite 326, Sheritown, MA 43718",Jessicafurt,House,1994327,Sold
P00169,"18553 Hart Light, Jenkinsborough, UT 71436",Riddlechester,Land,726979,Rented
P00170,"49478 Rebecca Via Apt. 715, Mitchellberg, FM 34171",Mcfarlandchester,Condo,1541897,Rented
P00171,"2817 Tucker Locks Apt. 021, Brittanymouth, UT 89242",East Nicoletown,Condo,1140310,Available
P00172,"41585 Lisa Light Apt. 978, Williamsonchester, NH 62135",Suzanneport,House,1230897,Available
P00173,"8056 Regina Island, Port Erin, AR 26398",Wandahaven,Apartment,899989,Rented
P00174,"322 Johnson Pike, New Shellystad, NH 75827",Karlamouth,Condo,1147996,Available
P00175,"1842 Sutton Courts, West Makaylamouth, AR 02631",Mcculloughborough,Land,1330362,Sold
P00176,"38409 Brown Loop Suite 461, Douglasborough, NM 47769",North Scottborough,Condo,1222919,Available
P00177,"9755 Nathaniel Course, Travisbury, PW 21714",Lake Codyfurt,Condo,1493777,Available
P00178,"92100 Adam Stream, Lake Crystal, KS 25689",New Christie,House,324127,Rented
P00179,"567 Martinez Parkway Suite 766, Stephanieberg, LA 75805",West Jason,Land,1919078,Sold
P00180,"38772 Julian Junction, Lake Victorville, MN 31839",West Mitchell,Apartment,1949436,Sold
P00181,"3610 Crystal Alley Apt. 040, South Anthonyburgh, MP 38700",Pamelahaven,Condo,1170405,Sold
P00182,"71489 Harmon Point, Ryanmouth, HI 62826",New Angelicaburgh,Land,1780920,Available
P00183,"284 Yvonne Circles Apt. 121, Cruzburgh, LA 50483",South Kelliberg,Apartment,469043,Sold
P00184,"PSC 0140, Box 0605, APO AP 32914",East Jeffreyview,House,1236890,Sold
P00185,"99040 Gutierrez Path Apt. 518, West Shawnbury, MP 08953",Walkerton,House,194609,Sold
P00186,"1670 Tyler Bridge, East Kennethfurt, OK 32716",Martinezfort,Apartment,1129018,Rented
P00187,"Unit 5586 Box 3666, DPO AE 89566",Joshuaview,Condo,1212102,Rented
P00188,"27837 Cunningham Shoals Apt. 971, North Matthewmouth, GU 39043",Amybury,House,421232,Sold
P00189,"98304 Grimes Parkways Apt. 593, New Samantha, AR 46913",Clementsshire,Land,566862,Sold
P00190,"61506 Martin Canyon Suite 251, Lake James, OH 36281",North Michael,Land,1608598,Rented
P00191,"454 Hobbs Neck, West Morganview, ID 65918",Waltonburgh,Apartment,711518,Sold
P00192,"4568 Melanie Vista Suite 618, North Heidi, PA 42006",Greenehaven,House,1651775,Available
P00193,"USCGC Benton, FPO AA 01844",Nicholsonmouth,House,1587910,Available
P00194,"44636 Kim Flat Suite 054, South Margaret, SD 62054",South Christopher,Apartment,1725714,Rented
P00195,"38503 Nicholas Circles, West Jason, CT 03358",Lake Ronald,Apartment,104311,Sold
P00196,"214 Brooks Plains, Snyderview, OR 40023",Port Robertbury,Apartment,1694335,Rented
P00197,"15594 Lewis Circles, Mathisshire, OH 34924",New Justinland,Apartment,878183,Rented
P00198,"7992 Juan Corners, Jonesmouth, NH 79341",Mariabury,House,1101964,Available
P00199,"4627 Megan Common Suite 770, West Kathyhaven, NV 63640",Michelleside,House,1886083,Rented
P00200,"090 George Ford, South Mistyside, MI 70422",West Courtneyland,Land,422094,Available
P00201,"01900 Douglas Pass, South Stephanie, TN 06231",North Angela,Condo,1626078,Rented
P00202,"146 Eugene Meadow, South Anthony, OR 96309",Port Jonathanport,Apartment,1704826,Rented
P00203,"87992 Lutz Motorway Apt. 167, Lake Anthony, LA 79907",Vegabury,Apartment,820957,Rented
P00204,"8635 Tiffany Ridge, West Shawn, TN 58964",East Monicafort,House,1567612,Sold
P00205,"458 Moses Radial Suite 999, Port Seanshire, NE 05869",Lake Joshua,Apartment,1012194,Sold
P00206,"113 Crystal Flat, Lake Bradleyview, RI 35760",Perryfort,House,1443789,Available
P00207,"051 Callahan Junctions, Port Heather, MS 18818",Kington,Condo,1679943,Rented
P00208,"4095 William Rest, Baileymouth, MA 95880",Bruceside,House,1944299,Sold
P00209,"USNS Davidson, FPO AP 53278",Stanleystad,Land,506953,Available
P00210,"9325 Wilson Mission Apt. 975, Davidfurt, RI 98700",Christopherport,Condo,1024842,Rented
P00211,"207 Cox Ports Apt. 471, New Melissa, IN 67546",Boyleview,Apartment,1721641,Sold
P00212,"4402 Evelyn Villages Suite 086, Gordonberg, AZ 45740",Lake Cynthiamouth,Condo,1354040,Rented
P00213,"57390 Benjamin Square Apt. 717, Ericton, FM 49260",Ryanfurt,Land,1025458,Rented
P00214,"269 Robinson Vista Apt. 776, Lake Virginia, CO 19965",Jenniferport,Apartment,1088922,Rented
P00215,"95404 Perry Fort, Katherinemouth, DE 89532",Rossburgh,House,413977,Available
P00216,"56647 Anthony Hollow, Trevorview, MI 46616",North Timothy,Condo,1818268,Available
P00217,"10638 Yang Roads Apt. 483, Mccoymouth, AS 39757",Lindashire,Land,1360966,Sold
P00218,"326 Weaver Camp Apt. 606, East Stephen, ME 95125",Leeville,Apartment,1008957,Rented
P00219,"657 Ray Trail Suite 907, South Thomasstad, CO 81572",North Joann,House,82431,Rented
P00220,"1909 Miller Dam, Banksfurt, LA 72103",Port Olivia,Condo,1658045,Rented
P00221,"265 Tyler Walks Apt. 563, Rodriguezburgh, NE 33417",Craigchester,Apartment,1839132,Sold
P00222,"854 Harris Light, Beckerbury, KS 58807",North Alexis,Land,867076,Sold
P00223,"670 Stanley Mountain Apt. 163, Lake Samuel, FM 64161",South Robertbury,Apartment,986296,Available
P00224,"29783 Smith Port, Rogersville, RI 79736",West Brian,House,297300,Rented
P00225,"362 Walker Greens, Johnhaven, IL 82800",Lake Penny,Condo,1247504,Available
P00226,"951 Schroeder Passage Apt. 847, Erichaven, KS 31934",Thomasland,Land,1048388,Rented
P00227,"4940 Timothy Viaduct, Adamchester, PW 76033",Thomasview,Land,1454828,Available
P00228,"66432 Daniel Mills, Lake Kathyland, NH 93638",New Rebeccaburgh,Condo,1596369,Available
P00229,"5561 Richard Ways Apt. 072, Atkinshaven, OR 57198",Reesemouth,Condo,1360454,Sold
P00230,"5262 Marquez Shoals, Ramseyfurt, OH 64608",Bradleyfurt,Condo,521816,Available
P00231,"3102 Myers Ranch Apt. 475, Smithville, FM 07330",Reynoldsport,Land,1157946,Rented
P00232,"USNS Graves, FPO AA 43335",Melissatown,Condo,1855450,Rented
P00233,"536 Heath Pike, Port Richard, RI 23193",South Justin,Condo,1898434,Sold
P00234,"152 Poole Loaf, Parkermouth, FM 25346",Port Natalieport,Apartment,814076,Sold
P00235,"427 Paul Park, Carterburgh, PA 96203",West Victoriaport,House,940136,Sold
P00236,"380 Laura Streets, Woodchester, IA 49132",Melissaland,Condo,65492,Rented
P00237,"584 Jeffrey Village Apt. 107, Donaldmouth, ME 70462",East Heathermouth,House,1697536,Rented
P00238,"7177 Alyssa Ferry Apt. 252, Brentbury, WI 89802",Lake Roberthaven,Apartment,429925,Sold
P00239,"5032 Mark Land Suite 924, Hillfurt, ME 35385",New Crystal,Land,460966,Sold
P00240,"53837 Sylvia Ville, Port Harrymouth, NM 17579",Port Christy,Condo,597038,Rented
P00241,"9046 Jennifer Unions Suite 574, South Alexander, ME 86242",Edwardsfort,Condo,231890,Available
P00242,"72950 Luke Landing Suite 709, Port Cristina, VT 44029",West Michelleport,Land,1602115,Rented
P00243,"81406 Watson Pass, Wendyville, NE 29622",West Cherylport,Condo,491793,Sold
P00244,"11101 Donna Summit, Christopherchester, RI 85757",Oliverland,Land,502175,Rented
P00245,"132 Amanda Mills, Michaelfurt, AL 81720",Michaelberg,House,950498,Rented
P00246,"7504 Freeman Center, Bennettland, IN 95377",Butlerborough,Apartment,246772,Rented
P00247,"354 Smith Roads, East Melindaborough, WA 92577",Paulberg,Apartment,1089235,Available
P00248,"271 Williams Ranch Apt. 521, Port Matthew, AK 37229",Lake Amberbury,Land,534181,Available
P00249,"70069 Wiley Forge Apt. 313, Ashleytown, PW 64714",Dianamouth,Condo,1208381,Available
P00250,"22656 Morris Summit Apt. 298, Leonardchester, MA 91708",Michaelhaven,Condo,1139002,Available
P00251,"2996 Burgess Prairie, Paulside, TX 08430",South Maurice,House,67555,Rented
P00252,"USCGC Evans, FPO AP 63594",Kimberlyshire,House,1674189,Sold
P00253,"39381 Edwards Circles, Lisaport, AS 18739",North Danny,House,701937,Available
P00254,"4435 Margaret Shores Apt. 923, North David, NC 91323",East Johnny,Apartment,1258417,Sold
P00255,"Unit 8153 Box 3141, DPO AA 68536",Warnerton,Apartment,658360,Sold
P00256,"3805 Phillip Meadows, North Elizabethland, TN 45774",Lake Mark,Apartment,540368,Available
P00257,"1482 Richard Rest Suite 623, Jasonburgh, WI 05103",South Amy,Apartment,153684,Sold
P00258,"90555 Mcdowell Ford Apt. 177, North Julie, AS 31685",Olsonside,Apartment,556282,Available
P00259,"914 Grant Vista Suite 473, North Jonathan, KS 60640",Proctorview,Apartment,1913040,Rented
P00260,"7806 Mark Plain, Monicabury, UT 86847",Taylortown,Apartment,1171582,Sold
P00261,"923 Wright Burgs Apt. 357, Crystalstad, MA 36449",Lake Christopher,Apartment,1590425,Rented
P00262,"071 Chad Spring, New Peggy, CO 19314",South Steven,Condo,150225,Rented
P00263,"4484 Matthew Trail, Wallerburgh, ID 59798",New Robertshire,Apartment,262252,Sold
P00264,"406 Dennis Lodge Suite 018, Stephanieton, WA 36425",Rowlandshire,House,652187,Sold
P00265,"2988 Christopher Cape Apt. 446, East Shannonfort, TN 63644",Port Staceytown,Land,1698070,Rented
P00266,"620 Michael Mission, Scottmouth, DE 47647",West Stephanie,Condo,153451,Rented
P00267,"PSC 7042, Box 4779, APO AP 60723",Markside,Land,403534,Sold
P00268,"77069 Johnson Turnpike, West Nicholasmouth, WA 04437",Josestad,Apartment,284781,Available
P00269,"827 Alicia Wells, Joshuachester, AZ 34546",Rachelton,Land,1884676,Available
P00270,"68657 Michael Rest, Robertshaven, WV 88644",West Travisside,Condo,175254,Available
P00271,"44893 English Mountain, Melissaville, RI 80054",Nicolestad,Condo,1966372,Rented
P00272,"68737 Evan Meadow, Anthonytown, MS 38148",North Jason,House,1817227,Sold
P00273,"726 Hatfield Points Apt. 169, Patriciafort, NH 76362",Lake Jenniferstad,Land,1861910,Rented
P00274,"181 Lisa Mission Suite 984, Claudiaport, LA 87394",Bennettberg,Land,1130734,Available
P00275,"54890 Brown Dale, Port Wandaside, PA 31609",Stephaniemouth,Apartment,774852,Rented
P00276,"5189 Mark Crest Suite 550, Floresburgh, AR 52436",West Randy,Condo,1827884,Available
P00277,"253 David Expressway, New Tanyabury, SC 02903",Lake Waltershire,Apartment,405706,Sold
P00278,"528 Mcdonald Lights Suite 926, New Pamborough, MI 39839",New Dawnhaven,House,1168955,Sold
P00279,"266 Martinez Rapids, Ballardport, NY 61779",South Autumn,Land,1771894,Available
P00280,"63544 Gary River, East Stephanie, AK 23032",North Colleen,Apartment,319343,Rented
P00281,"3125 Flores Crossroad, Port Erika, SD 22389",East Albert,Land,1792573,Sold
P00282,"38048 James Ridge, New Michellestad, MN 57732",South Scott,Land,427724,Sold
P00283,"199 Michael Islands Suite 547, East Jennifer, PA 63999",West Jessica,Land,843499,Available
P00284,"84946 Crystal Brooks Apt. 542, Anitatown, LA 19478",South Jeffreyberg,Condo,1685478,Sold
P00285,"4724 Dean Island, East Jennifer, LA 72149",Johnton,Apartment,1116447,Rented
P00286,"USS Jones, FPO AP 44577",Garciatown,Apartment,285648,Rented
P00287,"413 Hernandez Rue Apt. 850, South Nicholasmouth, ME 76859",West Alfred,Condo,1428908,Sold
P00288,"4856 Cervantes Locks, Savannahview, SD 82666",West Paula,House,468456,Rented
P00289,"6579 Mathew Burg Apt. 944, Alyssaside, ME 72529",South Markbury,Apartment,102212,Sold
P00290,"9198 Frank Ports, Williamschester, OR 31690",Port Andrew,Condo,567384,Available
P00291,"PSC 8102, Box 0095, APO AE 58618",Robersonmouth,House,830918,Rented
P00292,"4917 Steven Junctions, Lake Anthonyport, SD 94453",East Lauramouth,Apartment,1488128,Available
P00293,"529 Michael Circles, West Rachel, AK 05231",Port Andrew,Land,1582805,Sold
P00294,"88371 Garcia Lakes Suite 625, New Brendaville, WI 64115",South Michaelberg,House,1963275,Available
P00295,"76278 Timothy Street Apt. 283, Erinmouth, PR 64434",West Shannon,Land,763416,Rented
P00296,"2273 Jennifer Wells Suite 492, North Kelly, GA 14892",Schroedermouth,Apartment,474652,Available
P00297,"7485 Sandra Point, Bethport, MP 11085",Anthonyhaven,Condo,492093,Rented
P00298,"170 Werner Brooks Suite 195, Sarastad, CT 06304",South Michael,Condo,387096,Sold
P00299,"1903 Ann Creek, Port Amandafurt, IN 86797",South Amy,Land,493075,Rented
P00300,"828 Ryan Ranch, Port Meagan, MS 64142",New Kimside,House,646812,Available
P00301,"6411 Beasley Wall, Cherylton, HI 49892",North Jennifer,Land,301919,Rented
P00302,"67883 Holland Station Apt. 074, Zamoraland, CT 94830",Port Joseph,Condo,1575319,Rented
P00303,"7687 Griffin Crescent, Port Felicialand, OK 36668",Port Juanton,House,461740,Sold
P00304,"864 Price Landing Apt. 269, North Wendyland, WI 61999",Lake Taylor,Condo,972303,Rented
P00305,"208 Hines Keys Apt. 805, Waynebury, AZ 69336",Davidtown,Apartment,374289,Rented
P00306,"0001 Jeffrey Common Suite 746, Lake Aprilborough, NM 41627",Morrisborough,Condo,492478,Available
P00307,"1451 Holder Avenue, Port Walter, MN 83747",Lukebury,Land,1943814,Available
P00308,"3312 Flores Dam, West Dylanchester, GA 17017",North Shane,Apartment,591395,Sold
P00309,"USNS Warner, FPO AP 43586",Josemouth,Apartment,429786,Sold
P00310,"93532 Robyn Lane Apt. 443, North Angelamouth, AK 48072",Changborough,Land,1817536,Rented
P00311,"USS Duncan, FPO AP 51987",Walkershire,Apartment,1026678,Sold
P00312,"83374 Veronica Mall, South Robert, MT 77743",Sharonhaven,House,517402,Available
P00313,"450 Dominique Station, Lake Sarah, MH 72475",Barnesfort,Land,1439136,Sold
P00314,"28062 Edward Harbors Apt. 321, Port Heatherborough, ND 89449",Maynardburgh,Land,506838,Sold
P00315,"9948 Dustin Union, Jeremiahfort, WV 11964",East Alex,Land,1145212,Available
P00316,"3177 Valencia Vista Apt. 569, South Traceystad, NV 64093",New Dennis,House,642929,Available
P00317,"848 Isaac Squares, Kristinport, GA 61218",West Shannon,Apartment,776841,Available
P00318,"5886 Brittany Shore, New Robertton, KY 20860",Aguilarburgh,Land,1495174,Available
P00319,"2442 Joshua Manors Apt. 229, New Holly, MO 35717",South Nicholasbury,Apartment,391017,Available
P00320,"Unit 6929 Box 8787, DPO AE 87407",Bobbyview,Land,1225915,Rented
P00321,"19646 Smith Valley, Christopherton, KS 33597",Jenkinsland,House,1312590,Available
P00322,"30061 Flores Landing Apt. 741, Blackburgh, DC 34104",Schmidtfurt,Land,954891,Sold
P00323,"4141 Donna Shore, Jenniferborough, PA 28137",Aliciaside,Apartment,362710,Sold
P00324,"44708 Aguirre Islands, Jeffersonstad, AR 41678",East Victorland,Land,1873083,Available
P00325,"Unit 1772 Box 2101, DPO AE 22802",Vazquezmouth,House,1366272,Sold
P00326,"072 Anthony Streets, South Teresa, VT 70861",Burtonfurt,House,1456978,Sold
P00327,"5871 Sarah Common, East Samuel, VT 54659",Carrollport,Apartment,1359786,Sold
P00328,"987 Jacob Mount Apt. 197, Harrisshire, IN 07995",South Tina,Apartment,1402139,Rented
P00329,"5179 Dana Trafficway, West John, AZ 49098",Louistown,Land,1223734,Available
P00330,"1156 Kennedy Forges Suite 673, New Jimchester, OK 82471",Nancystad,Land,1737413,Available
P00331,"177 Alexander Causeway, North Michelle, MP 56059",North Samantha,Apartment,1923759,Available
P00332,"9097 Monique Trail, Stanleyport, DC 06679",North Andrew,Land,1107918,Rented
P00333,"456 Nicholas Plain Suite 571, Jeremychester, NH 67956",Tylerville,Apartment,1333802,Rented
P00334,"60198 Turner Hollow Suite 113, Seanville, NE 14953",South Katherineside,Land,1460871,Available
P00335,"PSC 3716, Box 8708, APO AP 65208",Anthonymouth,Land,1240585,Sold
P00336,"278 Jill Glen Apt. 232, South Peter, NM 48646",Maciasport,Apartment,1807232,Rented
P00337,"6268 Berry Estate, Lindaton, OK 69045",South Wesley,House,408137,Available
P00338,"374 Cheryl Rest Suite 964, New Cynthia, KS 85479",Lyonschester,House,884336,Rented
P00339,"41998 Baker View Apt. 977, Valeriemouth, WV 05079",Josephton,House,1560032,Sold
P00340,"9460 Michael Inlet Suite 806, West Reginald, CT 39330",West Dennismouth,Apartment,1821362,Available
P00341,"30947 Moore Walk Apt. 040, East John, IL 16153",South Ericview,Condo,1115423,Available
P00342,"606 Johnny Mountain, West Carla, MS 05903",Lake Lauraside,Apartment,1769352,Available
P00343,"PSC 9517, Box 0887, APO AE 73707",North Haley,Apartment,1840229,Available
P00344,"098 Jennifer Estates Suite 030, Lake Megan, NJ 18206",Hopkinstown,House,955270,Rented
P00345,"544 Zachary Island, Mooreborough, MT 96154",South Nathan,House,203500,Sold
P00346,"687 Terry Forge, Lake Adam, CT 95843",New Dianamouth,Apartment,1439936,Sold
P00347,"243 Turner Walks Suite 181, Lewisbury, MD 48724",Gomeztown,Apartment,892970,Available
P00348,"Unit 9241 Box 8932, DPO AE 12774",West Ricardoberg,Land,672686,Sold
P00349,"USNV Gibbs, FPO AE 98125",Lake Jessicaburgh,House,969049,Rented
P00350,"48133 Linda Wall Apt. 167, Whiteview, UT 33182",Andrehaven,Land,1571611,Sold
P00351,"180 Catherine Meadow, Lake Eric, MI 97669",Michaelside,Land,1829020,Available
P00352,"41348 Angela Avenue, North Heather, UT 89916",East Paul,House,1596122,Sold
P00353,"Unit 4247 Box 2158, DPO AP 47761",Port Maryshire,Land,998192,Sold
P00354,"05676 Bradley Courts Suite 345, West Jenniferville, ND 75659",East Kylefort,Condo,656576,Rented
P00355,"3755 Bruce Vista, East Thomasland, UT 71455",West Brianport,House,1366378,Available
P00356,"89177 Brittany Bypass Suite 821, Lisachester, DC 15905",East Emilyborough,House,673580,Sold
P00357,"983 Roberts Villages Suite 699, Johnstonville, OH 30193",Sullivanport,House,86212,Available
P00358,"921 Connor Mountains, Lake Ericshire, MN 99818",Kennethstad,Land,561447,Rented
P00359,"363 Zamora Freeway Suite 265, Marystad, MH 23948",South Mark,Land,293930,Rented
P00360,"2124 Sampson Rue, South Erin, WV 10826",Port Sherimouth,House,1381279,Sold
P00361,"142 Karla Shoal, South Carol, AR 61080",Rebekahport,Land,1321821,Available
P00362,"6526 Brandon Squares, South Jenniferberg, WA 08766",Joyview,House,1684165,Available
P00363,"1918 Harris Meadow Apt. 241, South Kevin, WI 49536",Thomasside,Condo,241693,Available
P00364,"USCGC Douglas, FPO AE 89452",Port Danielle,Land,817860,Available
P00365,"081 Bailey Lakes, East Christinaville, MI 40821",New Chaseberg,Apartment,1699288,Rented
P00366,"03486 Beck Views, Masonville, HI 12320",East Peterburgh,Land,1207656,Available
P00367,"48166 Archer Parkway Suite 371, Hodgesville, IL 34607",Maryfort,Apartment,460743,Available
P00368,"23935 Gibson Trace Suite 956, Petersonfurt, VA 14110",Mcneilview,Apartment,1874387,Available
P00369,"47522 Ward Mill Suite 627, West James, IA 31054",East Jacobberg,Condo,1532983,Available
P00370,"18565 Donna Mountain, Heathershire, KY 24411",North Hannah,Apartment,331929,Rented
P00371,"56089 Rivera Causeway Apt. 303, Reynoldsland, OH 15961",Eileenville,House,1082972,Rented
P00372,"03902 Jennifer Camp Apt. 756, East Ambermouth, VI 61731",East Kristin,Apartment,935497,Rented
P00373,"8499 Sarah Field Suite 315, South Zacharyborough, WV 87736",Robertburgh,House,1161897,Rented
P00374,"43528 Elaine Tunnel, Pettymouth, RI 96986",West Austinstad,Condo,1513670,Rented
P00375,"43544 Gallegos Trail Suite 482, Thomasberg, AK 63940",Mccallview,Apartment,1582790,Available
P00376,"837 Mckinney Fort, Rivasfurt, MO 11028",Robinsonburgh,Apartment,880205,Available
P00377,"Unit 7433 Box 4164, DPO AA 22390",Lambertland,Land,588274,Rented
P00378,"819 Navarro Fall, North Colin, FL 43062",Zoebury,Condo,257745,Sold
P00379,"68892 Samuel Plaza Apt. 551, Heatherville, WY 29302",Timothybury,Land,1605560,Available
P00380,"27973 Ryan Roads Suite 595, North Tyler, WY 19912",East Susan,Apartment,697387,Sold
P00381,"6967 Stacy Junction Suite 080, North Jesusmouth, NE 22655",Lake Amandashire,Land,1027329,Sold
P00382,"8030 Timothy Camp Suite 723, West Sylviaton, ND 67701",Garciaview,House,372713,Sold
P00383,"9175 Steven Flats, Bradyview, GA 97091",Andreafort,Land,1012964,Available
P00384,"96343 Gabrielle Burgs Suite 635, Ryanton, HI 86220",Murphyhaven,Apartment,1178903,Sold
P00385,"44083 Kayla Run Apt. 470, Combsborough, UT 19250",North Valerie,Land,1845886,Available
P00386,"983 James Common Suite 910, Fischerbury, PR 90498",Gutierrezbury,Land,1658046,Available
P00387,"477 Amanda Circles, Gomezmouth, NE 28286",East Timothystad,Apartment,1986474,Sold
P00388,"59481 Donald Hollow Suite 215, New Brandon, TN 90617",North Alejandro,Land,1082830,Available
P00389,"95697 Sanchez Radial, Johnbury, VA 59878",Robinsonberg,Land,243706,Rented
P00390,"0884 Long Villages, East Stacyborough, SD 64738",South Andreshire,Apartment,1216681,Sold
P00391,"3024 Rivera Lights, Lake Julia, SC 86877",South Laurietown,Land,1796199,Available
P00392,"56053 Herrera Ports, West Wayneview, MT 35731",Joseburgh,Apartment,634022,Sold
P00393,"8782 Arnold Causeway, Lake Rachel, AK 92487",Collinsfort,House,529010,Sold
P00394,"52956 Peters Fields Suite 507, Starkberg, MT 59399",South Kevinhaven,Condo,1772919,Available
P00395,"454 Coleman Fork Apt. 562, West Gloriaburgh, SD 03982",Davidshire,Condo,327685,Sold
P00396,"49910 Malik Forge Apt. 282, Kathrynfurt, ND 42358",Tracyburgh,Land,156333,Available
P00397,"PSC 1424, Box 9371, APO AA 05066",Lake Lisaton,Condo,1485180,Available
P00398,"3660 Massey Ridges, Martinside, VI 57607",Albertstad,Condo,338462,Sold
P00399,"00535 Alyssa Curve Suite 633, Reedhaven, AR 07242",Port Rachelton,Land,1563730,Sold
P00400,"107 Nelson Prairie Suite 302, Williamsberg, WI 40172",West Andrewburgh,Land,1525271,Rented
P00401,"54378 Vazquez Roads, Lake Oliviaberg, IN 93232",Lake Jill,Apartment,667404,Available
P00402,"56150 Daniel Cliff, Ericshire, VT 41910",Braunport,Condo,158776,Sold
P00403,"72718 Robert Shoals Suite 808, South Elizabeth, IA 90239",Lake Virginia,Land,1010183,Available
P00404,"6700 Alex Views Suite 492, New Michael, SD 67466",South Thomas,Apartment,1282520,Sold
P00405,"551 Armstrong Drives, East Alexandriahaven, VI 19698",Port Valerie,Condo,844570,Available
P00406,"61488 Rachel Trafficway, Port Jamesshire, NJ 06713",Lake Jennifer,Condo,1185408,Available
P00407,"56554 Snow Keys Suite 657, Mcgrathton, GA 72548",Richardfort,Land,1778846,Available
P00408,"2790 Spencer Square, Lake Jefferyshire, DC 66853",East Angelahaven,Land,1607781,Rented
P00409,"1814 Smith Road, East Carol, CT 52450",Port Zachary,Condo,1104795,Sold
P00410,"9839 Angel Knoll, New Emily, CO 35456",Lake Michaelshire,Apartment,711033,Rented
P00411,"94327 Anthony Mountains, Lake Brooke, GU 18458",Danielleton,House,1823699,Sold
P00412,"PSC 7964, Box 1200, APO AP 13284",South Kenneth,Condo,962415,Rented
P00413,"5062 Fields Road, Carlosstad, RI 22273",Mallorystad,Condo,715853,Rented
P00414,"7458 Miller Station, South Ryan, GU 70976",South Louismouth,Apartment,1845578,Sold
P00415,"4445 Stanley Harbor Apt. 710, South Mary, NH 11661",East Codyview,Land,1021658,Rented
P00416,"73603 Dana Forest Suite 163, Lake Georgeland, MI 74262",North Claudia,Land,676346,Available
P00417,"9350 Alicia Extension Apt. 391, Lake Robert, PW 28649",Port Erikbury,Condo,437215,Available
P00418,"PSC 5011, Box 6455, APO AA 16138",Jonathanmouth,House,1578519,Sold
P00419,"44936 Dennis Summit, Reneefurt, MI 41498",Lake Codyport,House,892901,Available
P00420,"700 Cole Springs, Rickyberg, NV 81659",Fisherfort,Land,1914879,Rented
P00421,"Unit 4729 Box 4947, DPO AE 86862",Dunnview,House,1758922,Sold
P00422,"37786 Angela Extensions Apt. 232, New Reneefort, MI 44711",South Jasmine,Land,1731969,Rented
P00423,"PSC 5819, Box 1692, APO AE 71705",Acostamouth,Land,1263867,Rented
P00424,"USS Bennett, FPO AE 42646",Jamesmouth,Apartment,318817,Rented
P00425,"58873 Burnett Streets, Hutchinsonfurt, VI 26963",Dalechester,Condo,1606549,Sold
P00426,"80143 Lisa Union, South Nicoleport, OK 57097",Schroedermouth,Condo,973611,Rented
P00427,"284 Nathan Trail Apt. 429, West Kari, NE 15623",Lawrencehaven,Land,513843,Sold
P00428,"71091 Nicole Brook, Villanuevaport, OH 25830",Port Michelefort,Land,795400,Sold
P00429,"218 Craig Circles, West Robertborough, AS 11955",Michaelside,Land,332359,Available
P00430,"815 Anderson Inlet, Lake Laurie, MT 35171",Laurenburgh,Land,1752522,Rented
P00431,"219 Christopher Mews, West Brianna, OH 66319",East Marthaville,Apartment,1396739,Rented
P00432,"PSC 5128, Box 7153, APO AP 67494",Sweeneyville,Land,962798,Sold
P00433,"89388 Robert Pines Apt. 768, Lake Royborough, OK 41075",Wallland,Apartment,414532,Rented
P00434,"78739 Lisa Trafficway Apt. 299, North Diane, GU 86689",Carrillobury,Apartment,1821154,Rented
P00435,"442 Reese Pike Suite 182, Stuartton, AZ 72527",South Joseph,Land,604170,Rented
P00436,"48678 Tammie Summit Suite 914, East Thomas, MH 71665",Brucetown,Condo,1083407,Available
P00437,"02900 Leah Union, Matthewmouth, AK 53231",Priceborough,House,917269,Available
P00438,"2590 Delgado Alley, Snyderbury, WV 91255",New Heatherborough,Land,1737661,Rented
P00439,"503 Zachary Ridge, Gutierrezport, OH 86949",Sherifurt,Condo,1639217,Available
P00440,"6610 Walter Passage, Washingtonville, WV 98174",Jonathanview,Apartment,1540551,Rented
P00441,"Unit 9811 Box 6329, DPO AP 07140",East Monica,Condo,1101328,Rented
P00442,"472 Christopher Glen, Port Omar, PW 84385",South Keithfort,House,1189201,Available
P00443,"7467 Morgan Streets, Estradaview, PW 86784",North Christopher,Apartment,1403176,Available
P00444,"7995 Elizabeth Mount Apt. 889, Whitneychester, MO 34023",Jasonburgh,House,204698,Rented
P00445,"71529 Rangel Ville, West Melissatown, MH 72222",Pinedafort,Apartment,706923,Sold
P00446,"142 Theresa Locks, Watsonfort, AL 91242",Jessicaside,Land,1998214,Available
P00447,"6360 Amy Row, Lake Marcville, AZ 56612",Lake Jennifer,House,1758234,Sold
P00448,"0625 Lawson Fort, Matthewshire, AS 69649",Johnside,Land,1631928,Rented
P00449,"5110 Veronica Isle Suite 810, Stephenshire, NH 44317",Davidstad,House,1530019,Rented
P00450,"62175 Michele Coves, South Daniel, WI 58230",Angelaland,House,1089256,Sold
P00451,"729 Amanda Ferry Apt. 199, Erinshire, CT 86687",Lake Elizabeth,Condo,745480,Available
P00452,"5943 Alvarez Crossing Suite 488, Lake Marissa, WA 06377",New Kennethmouth,Condo,1116760,Available
P00453,"1309 Bell Prairie, Hayesfort, MT 81680",Joemouth,Apartment,1920170,Sold
P00454,"1498 Michael Courts, Tiffanyfort, HI 14292",South Stephenland,House,1994118,Sold
P00455,"26492 Moore Walks, Robertfurt, PA 84882",West Kelly,Apartment,801652,Sold
P00456,"358 Amber Lock Apt. 991, Johnburgh, UT 03160",New Andrew,Land,814056,Sold
P00457,"45601 Tammy Cliff, Codyville, FL 13257",East Luke,Condo,1131081,Available
P00458,"9877 Winters Inlet Suite 361, Davidstad, WA 24788",North Ronaldtown,House,705891,Sold
P00459,"49484 Schneider Islands, Hillhaven, AS 37470",Michaelview,House,245327,Available
P00460,"Unit 6914 Box 8539, DPO AE 84181",Hoffmanton,Apartment,638474,Available
P00461,"735 Cook Lane, Dyerside, ME 23572",East Kimberly,Land,447388,Rented
P00462,"09860 Hobbs Terrace Apt. 992, South Laura, AZ 58998",New Samuel,House,386590,Rented
P00463,"08809 Christopher Crest Suite 673, Karenfort, FL 20478",South Robertland,House,704185,Sold
P00464,"043 Andrade Circles Suite 970, Port Robertamouth, OH 79819",East Vanessa,Land,468455,Rented
P00465,"1425 Harris Corner Suite 400, Matthewston, ME 56353",East Shannon,House,1517472,Available
P00466,"464 Daniel Brook Apt. 824, Kariburgh, FL 69911",Janetmouth,Apartment,1396778,Sold
P00467,"PSC 7555, Box 7956, APO AA 11782",North Dianachester,Apartment,604643,Rented
P00468,"349 Goodwin Village, Marquezmouth, AR 05893",East Bradley,House,1700129,Rented
P00469,"69637 Karen Shoal Apt. 590, North Angela, MS 84217",Jenniferborough,Apartment,1596853,Available
P00470,"Unit 6873 Box 9032, DPO AP 35973",Grantstad,House,577417,Available
P00471,"698 Lester Drive, Dunlapville, NY 99425",Port Donaldburgh,House,607583,Available
P00472,"80513 Emily Bridge, Lake Mikeside, WV 04636",Larsenburgh,Apartment,1611756,Rented
P00473,"5606 Anthony Port Suite 613, Troyland, MS 30965",Erinchester,Condo,270066,Sold
P00474,"639 Leah Common, Lake Jennifer, ND 64773",Jonesside,Land,1537221,Available
P00475,"0517 Flowers Fords Suite 338, Schmidtside, DC 31279",Catherinefort,Condo,1206122,Available
P00476,"9800 Eric Flats, Carolyntown, WV 06535",Emilyfurt,House,1937216,Rented
P00477,"8804 Sullivan Mountains Apt. 283, East Jeremiah, WI 89918",Port Maryland,House,1444479,Available
P00478,"56364 Bell Mill Suite 398, Port Laura, NJ 46157",East Lisaborough,Apartment,849679,Available
P00479,"259 Erickson Union, South Erin, DE 81962",Weeksport,House,1966237,Available
P00480,"0430 Martinez Rapid, Cruzchester, MP 01898",Benjaminfurt,Land,1504507,Rented
P00481,"Unit 7030 Box 8482, DPO AP 16133",Annamouth,Condo,362723,Rented
P00482,"728 Matthew Flats, Port Lisamouth, MP 63939",South Stephen,House,650194,Available
P00483,"37129 Brown Lodge, Amystad, AL 12351",Bradleymouth,Land,116353,Sold
P00484,"4407 David Stravenue, Kristenchester, SC 40068",Allisonmouth,Land,1377477,Sold
P00485,"245 Linda Fords Apt. 556, Danielstad, SC 10884",South Danielbury,Condo,100715,Sold
P00486,"1779 Valerie Inlet Apt. 311, Allenmouth, MS 14886",Valentinefurt,Condo,1267879,Sold
P00487,"Unit 1069 Box 1992, DPO AA 89672",Port Carlos,Condo,804754,Available
P00488,"PSC 9816, Box 2177, APO AA 55616",Barrettville,Land,1526666,Available
P00489,"076 Maddox Knolls, North Barbara, WY 26870",North Wayne,House,1245682,Rented
P00490,"907 Butler Fork Apt. 986, Lake Donna, NM 07551",Lake Shawna,Apartment,1513426,Rented
P00491,"6731 Kathy Coves Suite 059, Higginsview, OH 75895",Tinamouth,Land,670116,Rented
P00492,"275 Stephens Way, South Benjaminmouth, AZ 60123",Jamesborough,Condo,953716,Sold
P00493,"7838 Osborn Divide Suite 842, Morastad, MT 62020",Shannonhaven,Land,1214522,Sold
P00494,"619 David Loaf, Lake Nathanborough, WY 74470",West Jennaborough,Land,1491529,Available
P00495,"96226 Amber Mount, South Mark, CO 94933",Andrewsberg,Land,1217122,Available
P00496,"365 Benitez Roads, Lake Linda, IA 83846",Johnsonfurt,Condo,1899395,Sold
P00497,"499 Oconnell Ville, Port Marybury, VT 26777",Davidmouth,Condo,1986611,Sold
P00498,"127 Moran Burgs Suite 120, Courtneyside, KY 70344",Port Ronaldburgh,Land,264521,Available
P00499,"PSC 2743, Box 4480, APO AP 88555",Geraldhaven,Apartment,1308712,Available
P00500,"747 James Divide Apt. 405, Perezberg, LA 51959",West Jennifer,House,1166691,Available
P00501,"83598 Stevenson Estates, Kleinfort, GA 25115",Port Jamesville,Apartment,1925157,Rented
P00502,"91011 James Trace, South Heathermouth, MI 33541",East Jacob,Apartment,1457413,Rented
P00503,"6964 Andrew Neck Suite 583, South Rogershire, DE 44802",Joshuaview,Condo,1847012,Rented
P00504,"382 Stanley Coves, Patriciaport, NV 54893",North Jamesburgh,House,818458,Rented
P00505,"454 Long Ridge, Allenburgh, AR 67077",Matthewport,Apartment,1769910,Rented
P00506,"3997 Emily Forest, Lake Zachary, WY 60114",Solisside,House,765084,Rented
P00507,"76084 Moses Avenue, North Aaronhaven, IL 58381",Emilystad,Land,1570006,Sold
P00508,"5985 Warner Locks, New Patricia, WA 20929",Port Andrewland,Condo,1159740,Available
P00509,"8420 Carter Street Suite 164, Hollandbury, LA 73586",Patriciafort,Apartment,231059,Available
P00510,"905 Evans Ranch, New Madelinechester, VI 62014",Turnerton,Apartment,1654218,Available
P00511,"72763 Johnson Park, Crosshaven, GU 12136",Littlemouth,Land,1051116,Available
P00512,"15764 Cowan Ports, West Ellenmouth, ND 71287",East Christopherville,Land,369764,Available
P00513,"9905 Shields Coves Apt. 994, Lake Michael, ND 74138",Taylorland,Condo,184216,Rented
P00514,"53233 Holden Extension, Pierceberg, KY 62716",South Joshuaborough,Apartment,1388403,Sold
P00515,"2546 Michael Points Apt. 028, Port Steven, MO 96211",Christinaton,Condo,649732,Available
P00516,"USNV Phillips, FPO AA 02479",Joshuaton,House,1125182,Sold
P00517,"2740 Wright Corners Suite 055, East James, PW 90830",Martinezhaven,Land,468111,Rented
P00518,"084 David Ranch, West Caitlin, AZ 87704",New Phillip,Condo,1386958,Rented
P00519,"3487 Sanchez Stream, West Elizabethland, VI 21774",Forbesland,House,819262,Sold
P00520,"571 Christine Viaduct, New Annette, LA 31677",West Jenniferport,Condo,1388070,Sold
P00521,"Unit 9181 Box 8937, DPO AA 66704",Brianfurt,House,1990913,Rented
P00522,"31553 Cardenas Fort Suite 094, West Leonardmouth, CT 41763",South Dannymouth,Apartment,872531,Rented
P00523,"18806 Scott Ridges, Williamsbury, IA 01100",Elaineport,Land,1808243,Rented
P00524,"470 Nichole Lock, Karishire, NM 30373",South Adrian,Land,1096207,Sold
P00525,"578 Scott Course Apt. 300, Rachaelside, NE 87628",Danieltown,Land,773809,Sold
P00526,"08306 Kayla Mountains, Collintown, PR 91401",New Vicki,Apartment,60920,Available
P00527,"053 Anne Islands, West Keith, VA 80152",Davidfort,Land,1963401,Available
P00528,"591 Maria Ford Apt. 433, Ronniebury, CO 11937",Longfurt,Land,1497329,Sold
P00529,"65224 Mary View, Maryfort, RI 11754",Jerrybury,Condo,1862417,Sold
P00530,"9470 Adam Valleys Apt. 024, Port Gregory, GU 29649",Johnnychester,House,809031,Available
P00531,"463 Black Orchard, Timothytown, ME 04563",South Lawrence,Condo,1896106,Sold
P00532,"7696 Brown Glens Suite 257, Carrolltown, AK 97686",Kellyton,Land,527937,Sold
P00533,"719 Bell Lodge, North Juanburgh, TN 43289",Lake Michaelstad,House,1151863,Sold
P00534,"679 Stacy Overpass Suite 114, Lopezfort, FL 44637",South Donaldhaven,House,1115660,Available
P00535,"9031 Webb Lock, Hardyland, NM 99044",Rebeccashire,Land,1878869,Sold
P00536,"3512 Jessica Park, West Jennifer, AL 76692",Kristenville,Land,1439026,Rented
P00537,"156 Kimberly Corner, Jenniferburgh, MO 06137",Tinashire,Land,65850,Sold
P00538,"4155 Jeffery Creek, Kimhaven, WV 94018",Amandaburgh,Condo,1983106,Sold
P00539,"8415 Johnson Vista, Lake George, NM 08482",Anthonyburgh,Condo,1256821,Available
P00540,"60032 Kenneth Trail, Pennymouth, MO 35559",West Gary,Apartment,238258,Available
P00541,"4084 Smith Vista, Arthurbury, MA 57239",Markview,House,1268059,Rented
P00542,"83226 Mitchell Streets Suite 806, East Christinaview, OK 89128",East Ryanfort,House,1294420,Available
P00543,"70834 Davis Turnpike, Powellland, WI 73895",Port Jamestown,Condo,1742988,Available
P00544,"4822 Hawkins Coves Apt. 712, West Rachelburgh, HI 48028",Lake Jessicabury,Apartment,838636,Sold
P00545,"310 Brian Stravenue Suite 339, Claytonstad, PW 25521",Timothychester,Condo,572786,Available
P00546,"819 Willie Fords Suite 080, Robertsonview, MN 28339",Schmittbury,Apartment,1340641,Available
P00547,"46925 Walsh Divide, Emmaborough, PA 00825",Michaelshire,Land,1172390,Rented
P00548,"3814 Stephanie Track, North Jeremyville, NE 25204",South Robertton,House,381063,Sold
P00549,"683 Andrew Crossing, Wallfurt, WY 56246",Port James,Apartment,1892361,Sold
P00550,"5773 Dean Pike, Jackhaven, PW 55103",Kevinfurt,House,389069,Available
P00551,"245 David Green, West Annabury, UT 08692",Carrilloborough,Land,354955,Sold
P00552,"12573 Hunt Lock, Lake Angel, NY 35006",Kevinfort,Land,810304,Sold
P00553,"590 Jose Circle, New Benjaminbury, WY 28902",Johnsonport,Land,1206408,Rented
P00554,"4140 Walton Mews Apt. 804, Jessicabury, WV 94156",Thomasport,Land,1996339,Sold
P00555,"39275 Andrew Rapid Apt. 083, North Robertberg, DE 98613",Christinamouth,House,1480783,Rented
P00556,"5564 Clayton Mills, Port Chadchester, MD 41824",New Hannahbury,Condo,1444158,Rented
P00557,"USS Vasquez, FPO AA 86491",Starkburgh,Land,1010289,Rented
P00558,"211 Patterson Glen Suite 778, Mccallton, AZ 95976",Adamsville,Condo,851527,Available
P00559,"7804 Morrow Course Apt. 894, Gonzalezview, AS 18137",East Emily,Apartment,1905301,Available
P00560,"95001 Lewis Forge, Jonesside, AS 01439",Matthewmouth,Condo,1802683,Rented
P00561,"0483 Roberto Stravenue, West David, PA 19203",West Michael,Condo,1668314,Available
P00562,"Unit 3736 Box 4170, DPO AA 28854",West Amymouth,House,1731050,Sold
P00563,"4903 Amanda Glens Apt. 553, Toddhaven, VT 44831",Port Kelseymouth,Apartment,1402920,Rented
P00564,"25337 Williams Creek Suite 489, Lake Shelby, OK 42804",South Tinaborough,House,966550,Rented
P00565,"USNS Brown, FPO AE 47301",New Melissa,House,843854,Sold
P00566,"PSC 6398, Box 2725, APO AA 40995",Wattsmouth,Apartment,656665,Sold
P00567,"PSC 2404, Box 9803, APO AP 99428",Lauramouth,House,360520,Sold
P00568,"587 Smith Port Apt. 075, East Angel, MA 83626",Jillberg,House,1675825,Sold
P00569,"06368 Sheila Tunnel Apt. 259, New James, NE 80958",Virginiamouth,Condo,308757,Available
P00570,"914 Timothy Route, Martinburgh, PR 26188",Carterberg,House,678707,Available
P00571,"52141 Clark Ranch Suite 924, East Michaeltown, VI 17387",New Jennifer,House,1122526,Sold
P00572,"5839 Nicholas Spring, Port Patrickland, DC 42083",West Aaronland,Apartment,1063580,Sold
P00573,"1114 Elizabeth Walk, Fleminghaven, MN 06815",Riveraland,Apartment,363823,Sold
P00574,"2893 James Trace Suite 017, Port Carla, PW 97284",Thompsonside,House,364210,Available
P00575,"49809 Fuller Cliff, South Kenneth, WV 50513",South Lindsey,House,1681629,Rented
P00576,"914 Lowery Knoll Suite 744, Bryanbury, MH 39068",Danielburgh,Apartment,758716,Available
P00577,"897 Peters Spurs Suite 555, West Nicolefurt, GA 65025",Brownmouth,Apartment,680820,Available
P00578,"05805 Craig Ports Suite 533, Lake Michaeltown, AZ 32920",Kyleton,Condo,345792,Available
P00579,"50203 Warren Meadows Suite 080, Port Robert, MA 70187",Sandovalmouth,Condo,426920,Rented
P00580,"2395 Jesse Lane Suite 035, Chadfort, SD 92789",Teresaberg,House,1682535,Sold
P00581,"661 Carson Mews Apt. 888, Leonardmouth, RI 58033",Trevorville,House,827232,Rented
P00582,"296 Debbie Springs Suite 899, West Kennethchester, WY 09061",Lake Jenny,House,1371262,Rented
P00583,"Unit 9665 Box 3247, DPO AP 78922",Frazierfort,House,177990,Available
P00584,"26789 Thompson Trace Suite 686, Port Amyton, PA 34153",Andersonborough,House,1426112,Rented
P00585,"2251 Davenport Mills, Lake Stevenview, VA 86653",West Loganborough,House,624358,Rented
P00586,"4295 Peter Forges, Lake Sherichester, MO 03116",West Carolynmouth,Apartment,1546634,Sold
P00587,"474 Mark Grove, Lake Dawnberg, MS 12858",Whitebury,Apartment,867832,Available
P00588,"2188 Bradley Village Apt. 129, Harrismouth, WA 90078",West Nicholas,Land,1061072,Rented
P00589,"93952 Jessica Heights Suite 046, Turnerfurt, KY 05860",Elliottside,House,1777526,Available
P00590,"44276 Mclaughlin Expressway Suite 216, Lake Denise, NY 38651",Lake Jamesville,Condo,617687,Sold
P00591,"57356 Ricky Neck Apt. 991, Brownside, GA 19214",Port Morganborough,House,174358,Rented
P00592,"01347 Tyler Tunnel, Kelleyport, MA 23344",Hannaport,Apartment,1019058,Available
P00593,"409 John Village Apt. 230, Port Patricia, IL 00837",Terrifort,Land,1374728,Available
P00594,"Unit 4152 Box 5383, DPO AE 72263",North Lisatown,Apartment,1684731,Available
P00595,"7405 Linda Camp, Port Patrick, CO 60272",Robinsonland,House,1373112,Rented
P00596,"726 James Lake Suite 720, Jacksonton, MA 68616",Morganfurt,Apartment,735700,Sold
P00597,"USCGC Santiago, FPO AP 72126",Rebeccahaven,Condo,882297,Sold
P00598,"78871 Smith Mill Suite 153, Hamiltonton, FM 57476",Rachaelshire,House,1372677,Rented
P00599,"233 Harris Hill Suite 479, South David, VT 49063",Marcusburgh,Condo,145684,Rented
P00600,"4266 White Island Apt. 989, North Thomaston, KY 61768",Lake Philipchester,House,1452167,Sold
P00601,"0495 Hooper Glens, North Tracyville, NC 96568",Lake Reneeberg,Land,721770,Available
P00602,"550 Sarah Skyway, Arroyobury, PA 48377",New Amanda,Condo,1427480,Available
P00603,"858 Vanessa Loaf, Lake Donnamouth, GU 16067",Craneview,House,1490424,Sold
P00604,"188 Melissa Stream Apt. 116, Racheltown, OH 42688",New Richardtown,Apartment,61774,Rented
P00605,"2610 Michael Village Suite 251, Villaton, HI 70995",Ashleyberg,Land,1857714,Rented
P00606,"7175 Lee Extensions, Josephview, ND 81415",Tanyabury,Apartment,517941,Sold
P00607,"061 Kimberly Track Apt. 057, Hermanmouth, VA 76105",East Cheyenne,Condo,636216,Sold
P00608,"75488 Knapp Centers Suite 156, South Kristen, SC 10980",South Emily,Land,738734,Rented
P00609,"626 Jacqueline Motorway Suite 941, West Carol, KS 57520",Port Markmouth,Condo,181100,Rented
P00610,"6038 Jeffrey Court, New Kyle, DC 16534",Port Stevenshire,House,1715266,Sold
P00611,"45479 Kimberly Plaza Suite 602, Port Melissa, SC 71391",Lauraborough,Apartment,958241,Sold
P00612,"304 Hannah Street Apt. 268, South Nancyhaven, SC 03587",Noblehaven,House,1881341,Sold
P00613,"8345 Angie Flat Suite 750, Greenbury, TX 94637",Alisontown,Condo,582923,Rented
P00614,"83464 Carter Walk, West Heatherland, RI 33467",East Davidhaven,Apartment,841451,Rented
P00615,"471 Lucas Loop, West Amber, AK 19896",Brownton,Apartment,613992,Available
P00616,"471 Taylor Ridge Suite 790, Lake Jessica, AS 31100",Lake Saramouth,Land,396400,Rented
P00617,"83322 Harding Turnpike, East David, LA 62008",East Tanya,House,662156,Available
P00618,"3107 Green Pike, North Sherryberg, AR 25679",South Tyroneton,House,1556578,Sold
P00619,"510 Hull Knoll, South Debraville, CT 77306",Downsmouth,Land,108635,Available
P00620,"33205 Noah Locks Apt. 613, Wrightville, FM 51749",East Robertberg,Land,1027241,Sold
P00621,"10557 Patrick Junction, Smithville, ID 48448",West Bethborough,Condo,1218392,Available
P00622,"543 Dana Overpass, New Jameschester, IL 41749",Youngburgh,House,1815742,Available
P00623,"7661 Jeffrey Plain Suite 523, North Janetstad, RI 02320",Joneston,Land,126556,Sold
P00624,"1029 April Coves Apt. 740, West Nicole, MT 74422",Williamsside,Land,968149,Sold
P00625,"USNS Watson, FPO AA 32943",Farrellshire,Condo,1836948,Rented
P00626,"25376 Belinda Skyway, Francisview, FM 77467",Westmouth,Land,1233978,Rented
P00627,"968 Laurie Unions, Clarkhaven, OR 63063",West Terry,House,227810,Rented
P00628,"989 Edward Drive, Breannahaven, MS 10663",Michelleshire,Land,807593,Available
P00629,"USCGC Clark, FPO AP 06954",Leonardshire,Land,1627378,Available
P00630,"PSC 2657, Box 0383, APO AA 28084",West Thomas,Land,575041,Rented
P00631,"1107 Murphy Isle, Zacharyburgh, NH 91878",Alexanderstad,Apartment,1856585,Available
P00632,"334 Maria Corner, Port Stephanieside, MD 74751",Lake Yolandastad,Condo,172470,Rented
P00633,"6757 Kristin Stravenue, North Cynthia, TX 37258",East Patricia,Condo,1561821,Rented
P00634,"94422 Smith Corners, North Waynebury, MO 65296",New Adrienneberg,House,625336,Available
P00635,"3447 Janet Inlet, West Stephanie, NM 08925",Bradleymouth,House,1398680,Available
P00636,"473 Todd Radial Apt. 595, Rachelbury, CT 77498",Lake Megan,Apartment,1907647,Sold
P00637,"022 Lewis Loaf, Port Williamtown, CA 67168",Lake Alejandrofort,Condo,1821576,Rented
P00638,"130 Hannah Expressway Suite 441, Traceytown, GA 72128",Nancyside,Land,530213,Available
P00639,"17610 Eric Extensions, Garrettton, NV 58962",South Michaelhaven,Land,540620,Sold
P00640,"42661 Angela Camp, Chapmantown, CT 21359",Port Shaneside,House,1465669,Rented
P00641,"41465 Jones Grove, West Johnfurt, VA 67889",Patriciahaven,House,1288042,Rented
P00642,"1979 Smith Landing, New Deborahchester, FM 63844",Lake Marvinborough,House,1889156,Available
P00643,"3916 Erica Valley, West Kristinborough, HI 79984",Sawyerport,House,946868,Sold
P00644,"3334 Erin Highway Apt. 626, New Kelli, LA 25103",Amyborough,Land,641227,Available
P00645,"PSC 8896, Box 4861, APO AP 33614",Ramirezbury,Land,1650062,Rented
P00646,"6387 Eric Junction, New Terrence, AL 45803",New Kaylaburgh,Land,788831,Rented
P00647,"7563 Hughes Greens Apt. 540, West Sonyabury, VA 72137",Christyfort,Apartment,1389298,Available
P00648,"791 Edward Hollow, New Aaronview, TN 57578",Port Mitchell,Land,346752,Rented
P00649,"46660 Sonia Flat, Estradatown, IA 66370",Deborahchester,Apartment,1619711,Sold
P00650,"11125 Victor Trace Apt. 557, Amymouth, PR 75317",West Stacey,House,734721,Available
P00651,"15370 Mcneil Plains, Emilyfurt, MP 37822",West William,Land,635466,Rented
P00652,"9196 Anderson Mountain, Kariside, SC 63008",South Brian,Condo,1222176,Available
P00653,"459 Jason Valleys Apt. 186, Port Scottshire, MS 41218",Kingburgh,Condo,858373,Available
P00654,"98387 Jennifer Points, Sextontown, MN 80504",New Jeremyside,Land,254122,Sold
P00655,"379 Woodward Place Apt. 972, Krystalhaven, ID 08060",Lake John,House,970883,Rented
P00656,"093 Osborne Wells, Port Nancyside, RI 62622",West Samuel,House,493837,Rented
P00657,"PSC 1089, Box 4711, APO AP 51729",Fieldschester,Apartment,347563,Rented
P00658,"37356 Brandon Falls Apt. 377, Margaretside, VI 26778",Rachelburgh,Condo,1631817,Sold
P00659,"14733 Hooper Lights, North Jenniferberg, WV 62860",Lake Daniel,Condo,780892,Sold
P00660,"877 Elliott Meadows Suite 927, East Matthewfurt, HI 64138",Leahtown,Condo,1230428,Sold
P00661,"08957 Ibarra Fall Suite 153, Stephensonshire, OK 94556",Port Marisastad,Apartment,1340276,Sold
P00662,"91359 Thompson Estate Apt. 326, Dianabury, MP 86118",Amyton,Land,1893674,Sold
P00663,"718 Smith Centers, Garciaside, ME 45730",North Jose,Land,650328,Sold
P00664,"447 Brian Manor Suite 591, New Jeffrey, MP 04240",Port Cheryl,Condo,292905,Rented
P00665,"85502 Walker Gardens Suite 480, Brownland, UT 39529",Lake Ianstad,Apartment,238552,Rented
P00666,"51199 Caleb Pine, Port Johnmouth, AK 54927",Robinsonton,Land,1723178,Rented
P00667,"Unit 6203 Box 4972, DPO AA 04567",East Clintonburgh,Apartment,1245242,Sold
P00668,"78508 Hughes Cliff Suite 125, Valerieburgh, HI 46812",Erneststad,Land,1496940,Rented
P00669,"15964 Montes Crossing Apt. 833, Randyfurt, HI 13296",Cherylview,Condo,1499133,Rented
P00670,"USNV Chen, FPO AP 36545",North Richard,Condo,75893,Available
P00671,"366 Smith Forks, East Richard, GU 68948",West David,Condo,1723560,Rented
P00672,"544 Zhang Lights Suite 438, South Sandra, MN 43953",Port Toniville,Land,609730,Rented
P00673,"Unit 9756 Box 0294, DPO AE 82570",Comptonview,House,840169,Rented
P00674,"2244 Jones Squares Apt. 668, Taylorside, NV 03512",Mcdonaldside,House,1962309,Sold
P00675,"77112 Watson Run Suite 504, Chavezfurt, CT 79755",South Nicole,Land,409985,Rented
P00676,"27058 Baker Roads, Shahville, AZ 10175",Smithstad,Apartment,611823,Available
P00677,"81209 Pham Cape Suite 304, East Shawnbury, AZ 53190",North Marvin,Land,589955,Sold
P00678,"93588 Dana Crossroad Suite 511, West Paulfurt, DC 03479",Loriview,Condo,504926,Available
P00679,"5622 Lori Bridge, East Christopher, ID 66656",Mcknighthaven,House,674283,Sold
P00680,"29517 Jensen Ridge, Pattersonmouth, SD 91127",Lake Shawn,Condo,579633,Rented
P00681,"79261 Brittany Wall, Port Rebeccaside, PW 29588",Jonesview,House,1278306,Rented
P00682,"0260 Cynthia Hills Suite 202, Sheltonville, IL 58051",West Jessica,Land,1767185,Rented
P00683,"6191 Stephanie Shores, West Johnport, GA 66400",Port Stephen,Apartment,1077694,Available
P00684,"45117 Dickson Fall, West Jacqueline, FL 36883",Port Leroy,Apartment,1067034,Rented
P00685,"6553 Walters Prairie, Jasonfort, SC 81765",North Tamaraburgh,Land,667155,Rented
P00686,"05251 Stephanie Highway Suite 967, Christopherview, FM 52785",North Jesse,Apartment,398909,Rented
P00687,"8123 Michael Drive, Port Lauriemouth, VI 10187",Chavezville,Condo,745784,Sold
P00688,"51213 Jessica Causeway, Sarahaven, OK 72686",Jonburgh,Land,1743768,Rented
P00689,"997 Powell Dam, Thomastown, GU 96348",Port Johnny,House,1220470,Sold
P00690,"7681 Rollins Brook Suite 167, Brownland, DE 96066",North Peter,House,1682272,Available
P00691,"92840 Henderson Cape Apt. 987, North Raymondmouth, FL 08737",Timothyhaven,Apartment,415860,Rented
P00692,"69098 Walker Lights Apt. 245, Hernandezville, RI 24581",Edwardshaven,Apartment,1767987,Rented
P00693,"USCGC Snyder, FPO AE 45886",Wongchester,Apartment,1537900,Available
P00694,"USNS Aguirre, FPO AA 31588",Ramirezbury,Land,1283777,Available
P00695,"4832 Jones Vista Apt. 011, Joshuamouth, FM 30244",Meredithhaven,Land,1152834,Available
P00696,"254 Bryant Motorway Apt. 510, East Erinside, NY 90161",South Meghan,House,1841053,Available
P00697,"PSC 0266, Box 3701, APO AP 70286",New Jeremy,House,1069808,Available
P00698,"6359 Kelley Manors Suite 643, New Robinside, HI 70119",Richardtown,Land,1171673,Sold
P00699,"7960 Christopher Shoals Apt. 037, Farrellmouth, MH 71636",New Brian,House,769466,Available
P00700,"518 Laura Curve Apt. 385, East Lisaton, IN 62437",Mariahton,Apartment,1065691,Available
P00701,"6571 Marsh Cape, East Lisa, MS 66743",Brandonside,House,1332839,Available
P00702,"04618 Cunningham Rapid, South Kellyport, IA 63087",Sheribury,Land,765145,Sold
P00703,"952 Carney Street Suite 321, Lake Robertfort, AS 18127",Wilsonfort,Land,1520382,Available
P00704,"93227 Joshua Cliff, Padillaside, NV 50462",Gregorybury,House,101991,Sold
P00705,"0815 Wells Lock, Penafort, AK 94055",Joshuaton,Land,314724,Rented
P00706,"23429 Donna Bridge, New Dennis, PA 42980",Ellismouth,House,131816,Rented
P00707,"2444 Ramirez Forges, Aaronside, WA 93804",Ryanstad,Land,261578,Rented
P00708,"218 Wilkinson Corner Suite 452, Lake Jessica, AK 71562",Jacobsberg,House,1388268,Sold
P00709,"USS Ward, FPO AE 34096",Garrettburgh,Land,181569,Sold
P00710,"64574 Smith Fall Suite 928, East Cody, NH 17819",South Jackieborough,House,597929,Sold
P00711,"400 Sandra Fork Suite 899, Jasonport, DC 40817",West Monica,Condo,286185,Available
P00712,"8369 Colon Flats Apt. 877, West Lynn, AL 55357",Port Joe,Apartment,506463,Rented
P00713,"513 Harris Mountains, Lake Victor, OR 70911",Sullivanborough,House,1574480,Rented
P00714,"03204 Brittany Views, South Andrewfurt, LA 62497",Millerview,Apartment,1794637,Rented
P00715,"0439 Gutierrez Street, Anthonyfort, PA 28426",North Ericchester,House,1634967,Rented
P00716,"992 Smith Meadow, Huffmanstad, IN 84267",South Deniseburgh,Apartment,1055305,Sold
P00717,"6573 Michelle Ferry, Williamsshire, TN 97039",South Dustinburgh,House,842848,Rented
P00718,"17609 Edwards Tunnel, Port Adriennemouth, MA 25080",New David,Apartment,1791081,Sold
P00719,"PSC 5172, Box 1061, APO AE 61968",Stephanieville,House,394107,Sold
P00720,"3847 Patricia Plain, West Elijahmouth, AS 55337",South John,Condo,1766216,Rented
P00721,"Unit 1378 Box 6353, DPO AA 53698",North Heather,Land,1974167,Rented
P00722,"7690 Jimenez Inlet, Shelleyville, FL 83953",West Codyborough,Condo,879346,Sold
P00723,"980 Laura Plaza, Adamsport, FL 94574",Danielchester,Condo,1601315,Rented
P00724,"59634 Donald Turnpike Suite 166, North Dustinfurt, MD 58455",North Kenneth,Condo,1044423,Sold
P00725,"2950 Diana Glen Apt. 249, Lake Kristen, OH 71981",Kendraberg,Condo,1497628,Available
P00726,"759 Sandra Islands, North Jamie, NC 76698",Andersonmouth,Apartment,1336325,Available
P00727,"671 Angela Row, Jamesstad, FM 17739",East Teresabury,Condo,364040,Rented
P00728,"7165 Ross Fall Suite 247, Orozcoview, NH 60428",New Jeffreymouth,Land,1948351,Available
P00729,"81290 Kramer Drives, Martinland, DC 79196",Port Michaelshire,Land,465053,Sold
P00730,"Unit 9211 Box 6903, DPO AE 22474",Port Emilybury,House,348750,Available
P00731,"8207 Hicks Valleys Apt. 128, Brittanyside, MH 34582",Rachelland,Condo,377174,Rented
P00732,"6863 Ronald Parkway, Wisehaven, FL 08574",New Andrea,House,1509446,Sold
P00733,"79323 Kevin Mission Apt. 496, North Alan, MT 60378",Harrisonburgh,Condo,227648,Rented
P00734,"3877 Smith Views Suite 609, Villegasport, ID 07228",East Ashley,Land,657473,Available
P00735,"9368 Suarez Divide Suite 680, Meganton, SC 85398",New Joestad,Condo,782159,Sold
P00736,"18748 Erika Lane, Port Jerryshire, FM 38483",South Timothyton,Land,1929242,Sold
P00737,"475 James Creek Apt. 841, Raymondstad, NJ 54608",Port Richard,House,552327,Rented
P00738,"6124 Wu Plaza, Lake Laurafurt, RI 32951",Ericksonmouth,Condo,840996,Sold
P00739,"USNS Johnson, FPO AP 31724",West Sharonhaven,Apartment,1314415,Rented
P00740,"71931 Lambert Lodge Suite 363, Lake Ashley, WV 68642",North Dustin,Condo,366322,Available
P00741,"17276 Douglas Throughway Apt. 465, Gloriaberg, OH 83389",Lake Markhaven,House,1068383,Sold
P00742,"7324 Scott Summit, Dawnchester, IN 97998",New Christiebury,House,756167,Rented
P00743,"83370 Buchanan Islands Suite 914, Port Julieshire, WA 18027",East Maryport,Apartment,427589,Rented
P00744,"79299 Edwards Lodge, Shelbyfort, GU 45684",North Jessica,House,1729772,Rented
P00745,"567 Porter Divide, East Thomas, NV 75062",Lake Michaelburgh,House,1926630,Sold
P00746,"164 Nathan Heights, South Daniel, WV 05236",Mcknightbury,Condo,1026071,Available
P00747,"6922 Frederick Ville Suite 450, Markchester, MO 50218",North Caseyfort,Land,1901781,Rented
P00748,"4457 Adam Route Apt. 415, Jessicashire, WA 25066",Carrmouth,Apartment,701200,Rented
P00749,"404 Amanda Shoals Suite 788, East Keithmouth, NY 37987",East William,Land,1746518,Available
P00750,"702 Fisher Dale, South Matthew, IN 07808",New Alanhaven,House,283791,Sold
P00751,"1930 Charles Expressway Suite 029, North Eugene, CA 87394",North Mary,Apartment,1785983,Sold
P00752,"012 Alexander Ranch Apt. 799, East Heatherville, MO 27625",New Kellytown,Apartment,1011314,Rented
P00753,"56937 Rachel Light Apt. 589, Port Kathy, NE 37290",Elizabethside,Land,566410,Sold
P00754,"PSC 9220, Box 2206, APO AA 91782",Port Nicole,Land,1106770,Sold
P00755,"USS Davies, FPO AP 37544",North Paulbury,House,393432,Rented
P00756,"42816 Bates Creek, West Markport, VT 59447",Staffordborough,House,1948041,Sold
P00757,"0706 Douglas Tunnel, North Kennethland, AL 63523",Fosterstad,Condo,801929,Sold
P00758,"25577 Hernandez Islands, South Audreyhaven, MT 06456",Herreraville,Condo,1891473,Rented
P00759,"239 Morgan Ferry Apt. 978, Lake Christian, WA 37549",Cassandraland,Condo,1826529,Available
P00760,"94105 Jamie River, North Sean, WI 79755",Tracyfurt,Land,1887923,Available
P00761,"49021 Vanessa Spur Suite 696, Woodsview, CT 94498",West Alanland,House,235810,Sold
P00762,"401 Buck Walk Apt. 329, West Grace, MP 57157",East Bradley,Condo,376535,Available
P00763,"370 Taylor Pine Apt. 884, Blanchardshire, MA 31447",Lake Jenniferton,Condo,1243098,Available
P00764,"04664 Travis Points Suite 434, North Christopher, MH 96116",North Scottstad,Condo,1440413,Sold
P00765,"USS Davenport, FPO AA 01155",Malonefurt,Land,526180,Rented
P00766,"85177 Gregory Gateway, South Katherine, VT 46867",Ryanton,Apartment,120061,Rented
P00767,"970 Klein Streets Suite 354, South Charles, FL 67345",East Louisview,Apartment,937803,Available
P00768,"52879 Mccarthy Land, Penaville, OH 23038",Anthonyberg,Apartment,1239854,Rented
P00769,"95319 Freeman Roads, Yuville, VI 12234",Amandahaven,Apartment,1492642,Available
P00770,"035 Kelly Passage, Graybury, WI 35163",Brianfort,Condo,1555924,Sold
P00771,"USCGC Hall, FPO AE 16680",West Mitchellburgh,Apartment,449885,Available
P00772,"USNS Hughes, FPO AE 22238",Danielberg,House,829886,Sold
P00773,"15295 David Center, South Sheilaton, AR 07853",West Matthew,House,1545251,Available
P00774,"86117 Webster Drives Apt. 053, North Rachel, DC 61675",New Jeremiahshire,Land,1677851,Sold
P00775,"11179 Jones Parks, Nicolestad, SD 60403",Thomastown,House,678648,Sold
P00776,"516 Lauren Track, Port Nicholas, PA 26253",South Carolynberg,Apartment,116380,Rented
P00777,"356 Kent Bypass, Teresatown, FL 52704",East Katieside,House,1404602,Sold
P00778,"Unit 5817 Box 3455, DPO AE 40218",Nelsonstad,Condo,540102,Rented
P00779,"848 Castillo Pass, Travisborough, KY 15791",Theresafurt,Apartment,793722,Rented
P00780,"339 White Expressway, Gonzalezborough, NH 85083",East Laurenport,Condo,1548863,Available
P00781,"39836 Jane Junction Suite 160, East Mariomouth, LA 69501",Jerryberg,Land,719222,Available
P00782,"79840 Nicole Camp Suite 932, Mejiaberg, ME 39753",Lake Sylviaton,Apartment,542684,Sold
P00783,"Unit 7695 Box 8966, DPO AP 97739",Bauerborough,Land,1175102,Rented
P00784,"03811 Douglas Road Apt. 398, East Kyleton, FM 04248",North Danielshire,Condo,970749,Rented
P00785,"95600 Jackson Coves, Geraldchester, PR 50926",Ibarraburgh,Land,108922,Rented
P00786,"599 Davis Loop, Jenniferville, IL 95556",Kaneport,Land,719390,Available
P00787,"6605 Davies Spur Apt. 021, North Robert, MP 62039",Jimmyhaven,House,1793269,Sold
P00788,"66735 Fuller Road, Mooreberg, SD 66193",Port David,House,1738237,Sold
P00789,"2830 Mcbride Run Apt. 234, South Charlestown, WY 22735",Eugenefort,Land,1100363,Available
P00790,"67228 Jeffrey Valley, New Brenda, SC 03274",North Nicole,House,1668783,Rented
P00791,"179 Lisa Vista Apt. 640, East Sandra, WI 19473",North Sonyaburgh,Land,1976604,Sold
P00792,"406 Kristin Roads Apt. 990, New Gregory, DE 59355",West Julie,Condo,340755,Rented
P00793,"4416 Glenn Inlet Apt. 479, North Patriciaside, CO 91804",West Michaelmouth,House,1582125,Available
P00794,"15844 Gill Hill Suite 438, New Thomas, TN 11080",Port Zachary,House,1385814,Sold
P00795,"3683 Jimmy Estate, North Amy, ND 11887",Robertsshire,House,1531233,Sold
P00796,"45756 Mills Brooks Suite 532, Mercermouth, MA 28287",Lake Jimmyview,Apartment,1327191,Rented
P00797,"6243 Megan Turnpike, Port Johnbury, PW 09539",North Brendaberg,Condo,924410,Sold
P00798,"USNS Brown, FPO AE 32799",Whiteberg,Apartment,454711,Sold
P00799,"2788 Boyer Forge Apt. 939, Stricklandborough, MP 73855",Nashburgh,House,860185,Sold
P00800,"80384 Kenneth Isle, Nataliechester, MD 70774",South Laura,House,1821780,Sold
P00801,"9460 Mitchell Walk, Davisburgh, FM 39749",Jenniferchester,Apartment,1035266,Available
P00802,"6112 Angela Junction Apt. 312, Melindaton, SC 06316",Ryanhaven,House,207599,Rented
P00803,"Unit 8277 Box 1048, DPO AP 31556",Phillipchester,House,1581014,Sold
P00804,"282 Katrina Cliffs, Lake Susanchester, NE 65745",Leefort,House,1912748,Sold
P00805,"88440 Thompson Camp Suite 077, Teresabury, NM 60311",Cantrellside,House,1866674,Available
P00806,"863 Hanson Grove Suite 825, Georgeville, VA 92889",Danielport,Condo,339312,Rented
P00807,"31519 Greer Glen Apt. 718, Hayneschester, AR 88495",Nicholasmouth,Apartment,873444,Rented
P00808,"15643 Julie Extension Suite 426, Lake Nicole, MI 90215",East Billy,House,582842,Sold
P00809,"9420 Michael Spur Apt. 712, Lake Dana, UT 91919",Kellyburgh,Condo,998932,Sold
P00810,"6591 Allison Extension, South Matthew, PW 30136",New Eugeneview,Condo,1027792,Available
P00811,"5917 Johnson Mission, Reedport, VI 69390",Angelafort,House,851495,Sold
P00812,"48448 Diane Drives Apt. 132, South Sandramouth, OH 21769",New Matthew,Land,1319218,Rented
P00813,"753 Whitney Court, Emilyfort, CA 61508",Luceroland,Apartment,965757,Available
P00814,"967 Hall Bypass Apt. 741, Port Johnburgh, NY 09522",Tiffanyport,Land,1601409,Rented
P00815,"78123 Matthew Vista, Gilbertmouth, MN 32665",South Yolandaside,Condo,1354319,Available
P00816,"032 Erin Parkways, Ashleymouth, PR 15719",Martinezmouth,House,356851,Sold
P00817,"014 Mccarty Summit Suite 498, New Williamfurt, DC 14923",Joshuaview,Condo,844662,Available
P00818,"8932 Raymond Shore, East Judychester, IN 22747",Anthonyview,House,1978025,Sold
P00819,"459 Graves Lock Suite 661, Lake Stevenborough, AS 00794",Torresshire,House,767097,Available
P00820,"639 Heather Ford, Nataliestad, NV 45635",Charlesshire,Land,419729,Rented
P00821,"0565 Ortiz Brooks Suite 752, Maciasshire, WA 05647",Christopherhaven,House,1364776,Available
P00822,"83758 Jones Course, Bartonland, WV 03511",Frankborough,Condo,1565532,Rented
P00823,"54053 Grace Roads, Jacobtown, PR 44933",West Jessicaview,Land,1117540,Sold
P00824,"79641 Patterson Green, North Bianca, RI 95423",Edwardburgh,Land,815883,Available
P00825,"9409 Butler Circle, Williamsstad, MI 61054",Port Patrickborough,Condo,1681213,Sold
P00826,"155 Blake Spur, Jacobsonmouth, KY 82455",Baxterberg,Apartment,1711872,Available
P00827,"7373 Dylan Knoll, Longtown, NM 86887",Port Dakota,Condo,1626463,Available
P00828,"35169 Simmons Spring, Lake Ambermouth, RI 76096",South Brandon,Apartment,209163,Available
P00829,"093 Jonathan Ranch, West Dominiqueburgh, HI 82034",Hannahburgh,Condo,354878,Rented
P00830,"073 Bryan Avenue, East Lisa, WA 31337",South Travis,Condo,159779,Rented
P00831,"68708 Burke Ridge Apt. 965, New Kathrynton, NV 16537",Lake Amyberg,Condo,243591,Rented
P00832,"2952 Robert Parks, Johnborough, VI 84004",East Elizabethhaven,Condo,555481,Rented
P00833,"28133 Gonzales Lodge, Austintown, NE 26597",Lake Melissa,Apartment,1718537,Available
P00834,"034 Yolanda Via, Dianemouth, WA 07874",West Angelafurt,Condo,1142874,Available
P00835,"57922 Browning Trail Suite 728, Shannonberg, VI 65225",North Randall,House,1146249,Sold
P00836,"5907 Kyle Gardens Apt. 068, South Tanner, ID 72390",North Patrick,Apartment,184987,Sold
P00837,"591 Mack Circle Suite 581, South Danielle, MN 15474",Angelamouth,House,757287,Available
P00838,"515 Amy Loop, Port Andrea, RI 85739",East Danaside,House,1703755,Rented
P00839,"252 Le Cape, Thomasburgh, WY 09057",East Sharonfort,Condo,395793,Sold
P00840,"18166 Melissa Station, Williamtown, PR 90612",North Pamelachester,Apartment,1291904,Rented
P00841,"22383 Devon Ways Suite 437, Bryanchester, PR 26975",South Melindahaven,Land,956240,Available
P00842,"37511 Aaron Branch, Hughesborough, NJ 80729",Seanburgh,Apartment,536126,Available
P00843,"0499 Mcintyre Cove Apt. 434, Norrisshire, MS 03334",Marybury,Condo,412591,Sold
P00844,"053 Pittman Bridge Apt. 624, Cooperfurt, RI 33145",Melissaview,Apartment,1023751,Rented
P00845,"58373 Tina Pass Suite 177, Nataliefurt, SC 64436",West Danielside,Land,1903948,Rented
P00846,"60531 Scott Pass, Chenview, HI 01589",Ryanside,Land,482719,Available
P00847,"27776 Drake Shores, Hebertbury, WY 40778",Port Jeffrey,Condo,637147,Rented
P00848,"83802 Parks Crest, Timothyland, WV 72046",Port Erikashire,Land,1255464,Sold
P00849,"Unit 6762 Box 3533, DPO AA 81830",West Victoriaburgh,Land,758446,Available
P00850,"8319 Watson Ports Apt. 662, Port Dennis, WY 72058",Mooreburgh,Apartment,1461642,Sold
P00851,"PSC 9651, Box 3809, APO AA 32181",Doyleburgh,Condo,1997291,Rented
P00852,"PSC 1746, Box 7169, APO AE 60785",Lawrenceland,House,1389723,Available
P00853,"87180 Higgins Crescent, North Daniellemouth, PR 22969",Russellside,Apartment,169418,Rented
P00854,"27636 Kirk Place, Lake Jordan, OH 78586",East Kathrynbury,Apartment,1707196,Available
P00855,"USCGC Russell, FPO AE 47432",West Michelle,Land,740776,Rented
P00856,"95246 Alyssa Skyway Apt. 377, Williamsborough, ID 02365",Rhodesfort,Condo,1296412,Available
P00857,"4804 Joseph Road Suite 135, South Josephberg, ND 89760",Williamburgh,Condo,1940971,Sold
P00858,"905 Phillips Underpass, East Patrickbury, AL 90003",Clarkemouth,Land,175226,Available
P00859,"85594 Albert Ports Suite 318, Emilymouth, KY 10327",Leonville,Apartment,1614312,Rented
P00860,"8576 Paula Camp Suite 639, Sarahchester, NV 76580",Jamesshire,House,1791554,Available
P00861,"28836 Jillian Coves, Cesarbury, WA 09187",North Meganchester,Land,1851567,Available
P00862,"71502 Wanda Estates, Petersmouth, VI 54893",Lake John,Apartment,480982,Rented
P00863,"62410 Crystal Green Suite 381, North Brenda, MS 42809",West Renee,Land,1860525,Rented
P00864,"58868 Christopher Crest Apt. 541, New Bradview, NC 16929",Jacksonstad,Land,1487103,Sold
P00865,"94400 Thornton Walks, Port Michael, OH 06916",North Josephside,Condo,1993555,Sold
P00866,"Unit 1807 Box 5204, DPO AE 01931",West Kathleenland,Apartment,241975,Rented
P00867,"PSC 0541, Box 7538, APO AE 52317",Rodneyview,Condo,1888322,Rented
P00868,"0970 William Street Apt. 137, Port Williamland, FL 30131",East Tiffany,Land,1210419,Sold
P00869,"7273 Katrina Lodge Suite 038, North Crystal, VA 20927",Lloydstad,Apartment,397657,Sold
P00870,"00243 Amy Lodge, Wisechester, CT 38852",Candacemouth,Condo,1238138,Sold
P00871,"21330 Lawrence Center, Raymondburgh, DC 13365",Shortfort,House,1947906,Sold
P00872,"67509 Hunt Crossing Apt. 341, Savannahburgh, WY 79137",Phillipsshire,Condo,665881,Rented
P00873,"PSC 6778, Box 5154, APO AP 53904",Wilcoxshire,Condo,189251,Rented
P00874,"41831 Tammy Rue Apt. 291, Taylormouth, MD 70159",Morganfurt,Land,406901,Available
P00875,"439 John Shores Apt. 332, Evansfort, WY 75225",Fieldsbury,Land,1415751,Sold
P00876,"PSC 6027, Box 5040, APO AE 92886",Austinhaven,Condo,1509098,Rented
P00877,"53649 Davis Camp Apt. 817, Kramerview, KS 94179",Port Matthew,Land,940603,Available
P00878,"630 Kelly Key Suite 646, Larsonmouth, PR 65937",Port Heatherfurt,House,1965343,Available
P00879,"5042 Brian Fields, Lake Kevin, OK 88392",North Melissa,House,1970941,Available
P00880,"2282 Brian Junction Suite 096, West Paul, NJ 01048",North Lisa,Condo,604811,Available
P00881,"5992 Jessica Plain, West Terrance, KS 05311",East Jenniferside,Apartment,268794,Sold
P00882,"Unit 0177 Box 8089, DPO AE 03105",North Allison,Land,1525124,Sold
P00883,"1913 Pamela Springs Suite 965, North Lisa, MD 50691",Williamsville,Condo,684965,Rented
P00884,"3755 Matthew Landing, Leeside, SD 78323",Michaelmouth,Land,1197577,Rented
P00885,"14344 Griffith Overpass Suite 998, Sethmouth, TX 05665",North Juliaborough,Land,1345553,Available
P00886,"2850 Harris Route, Lake Kathybury, IL 18241",Lake Patricia,Land,1256064,Available
P00887,"PSC 8618, Box 7333, APO AA 26399",Hayesstad,Land,431672,Rented
P00888,"9815 Duane Falls Apt. 600, East Melissa, MA 53865",Amandaland,Condo,543678,Available
P00889,"0727 Norris Mall, South Danshire, MI 58945",Martinezhaven,House,563411,Available
P00890,"4086 Daniel Passage Apt. 670, Port Benjamin, WV 52841",Rubiofort,Land,223524,Sold
P00891,"263 Simmons Mount Suite 253, South Richardhaven, LA 76440",Williamsshire,Land,264755,Rented
P00892,"Unit 3301 Box 8245, DPO AP 67296",Debrahaven,House,213867,Rented
P00893,"501 Jessica Lights, South Rebekah, AZ 34898",West Robertland,House,1572498,Sold
P00894,"599 Haney Run Apt. 408, West Jamieberg, TN 49688",Smithmouth,Condo,916809,Rented
P00895,"232 Sanford Street, Lake Miguel, VI 38330",South Michael,House,1778458,Rented
P00896,"9554 Briana Passage Apt. 856, Barnettview, MI 92001",West Deborah,Condo,106358,Rented
P00897,"70027 Cardenas Throughway, Ashleyville, NC 63116",Lake Danielle,Land,944548,Available
P00898,"2523 Carter Camp, Wigginshaven, PA 71531",North Matthew,Condo,1566776,Sold
P00899,"4235 Amy Manors Suite 771, Wagnerport, MD 26192",New Kristenchester,Condo,713264,Rented
P00900,"3140 Stephanie Common, Hawkinsside, NJ 99634",New Robinmouth,House,629784,Available
P00901,"25238 Porter Plaza Suite 208, Port Jimmy, AK 39278",Rickyfurt,Land,841879,Rented
P00902,"32064 Frank Drives Apt. 222, North Natalieborough, GU 21802",West Cindy,Condo,1224039,Sold
P00903,"494 Walsh Courts, North Candiceland, NH 65835",Lake Alexandria,Apartment,1114372,Sold
P00904,"0684 Nicole Trace Apt. 251, Bellland, GA 05796",North Amber,House,1198887,Rented
P00905,"0093 Price Creek Apt. 899, East Leestad, CO 54905",Byrdview,Apartment,1492381,Sold
P00906,"791 Price Track Apt. 258, Ballborough, VA 80023",Karenstad,House,584810,Rented
P00907,"68995 Katelyn Walks Apt. 210, Coxside, OH 00943",Lake Edward,Apartment,780521,Available
P00908,"PSC 4299, Box 5634, APO AP 53199",Heatherfort,Condo,1908826,Sold
P00909,"24051 Jessica Branch Suite 960, West Ericborough, KS 11563",Johnmouth,Apartment,1905529,Available
P00910,"73250 Smith Inlet, East Lauren, NH 97200",Port Brittanyville,House,1101693,Sold
P00911,"705 Estrada Shores Apt. 146, Taylorport, MO 29444",Bartletttown,Apartment,502869,Available
P00912,"80073 Randall Lane, Zacharyville, ND 58620",Wrightland,Condo,1767234,Sold
P00913,"4949 Sean Branch, Pattersonville, KS 75140",South Kristen,Land,1305488,Sold
P00914,"210 Morgan Ville, Loriport, NE 32155",Port Brandyfurt,Apartment,556362,Sold
P00915,"85626 Mayo Estate, Loveburgh, MI 51071",West Christophermouth,Condo,749281,Rented
P00916,"74535 Calhoun Trail Suite 979, Beasleyhaven, DE 44581",East Samanthashire,Apartment,884330,Rented
P00917,"739 Kayla Land, South Troy, TN 25426",Cantufort,Land,832482,Available
P00918,"2530 Tricia Lake Suite 357, Codyport, HI 65538",Deniseton,Condo,450298,Sold
P00919,"11200 Rachel Pine, North Robertland, TX 74235",Nicoletown,Condo,1174493,Sold
P00920,"79573 James Flats Suite 929, Port Benjamin, KY 69180",North Sarahside,Condo,1748230,Available
P00921,"195 Chandler Mission Suite 376, East Stevenmouth, MT 56626",Andersonberg,Land,1956466,Available
P00922,"6641 Mahoney Viaduct Apt. 525, Knightfurt, NH 43363",Ryanhaven,Apartment,1292521,Rented
P00923,"872 Abigail Isle, North Elizabeth, VI 45040",Kevinchester,Land,423278,Available
P00924,"07567 Sandra Mill, West Jerrystad, FL 29062",North Bethhaven,Condo,1201354,Rented
P00925,"449 Jimmy Walk, Port Hannahmouth, MD 65458",South Kathyport,House,908773,Sold
P00926,"49842 Daniel Lock, Lake Stacieburgh, CT 52239",Ryanport,Land,1525437,Sold
P00927,"2903 Barton Views Apt. 423, Lake Renee, MD 34000",Valerieton,Condo,1869496,Rented
P00928,"USCGC Prince, FPO AA 82047",Jimbury,House,343276,Available
P00929,"3664 Jason Meadow Suite 966, Joneston, PW 29221",Matthewview,Apartment,1193589,Available
P00930,"6715 Lisa Corners Apt. 040, Lake Maureen, GU 02748",South Sharon,Land,674107,Sold
P00931,"2548 Fritz Mountains, East Mark, AS 53881",Armstrongmouth,Apartment,295535,Rented
P00932,"0422 Michelle Courts Apt. 236, Greenchester, AR 02596",Port Davidfort,House,609613,Rented
P00933,"901 Jeffrey Prairie, New Daniel, CA 28030",Cookhaven,Condo,805571,Sold
P00934,"87397 Mendoza Wells, East Nicholasville, VT 04977",Russellfurt,Land,1417712,Available
P00935,"409 Lee Drives, Lake Reginaldville, TN 53725",East Charles,Land,1619318,Sold
P00936,"7041 Roger Corners, East Marychester, VA 72794",Johnberg,House,484197,Rented
P00937,"1939 Samantha Creek Suite 377, Port Kathymouth, MO 90252",Sarahfort,House,868601,Sold
P00938,"11771 Nelson Drive Suite 390, Waynefort, MO 22218",Williamsview,Apartment,899204,Rented
P00939,"4623 Martin Creek, North Jonathanton, AS 20459",Danielton,Apartment,263126,Available
P00940,"7120 Galvan Points Apt. 575, West Dale, VI 22421",New Jamesville,House,795150,Rented
P00941,"0343 Gray Port, South Clintonmouth, NM 95309",Leeview,House,690959,Available
P00942,"63242 Johnson Station, Braunview, KY 77904",North Donna,Apartment,743970,Sold
P00943,"644 Kenneth Mountains Apt. 886, West Dominiqueport, PW 01149",Mooreberg,House,268029,Rented
P00944,"094 Patterson River Suite 968, Leeshire, GA 13850",South Michelleside,Land,1230915,Available
P00945,"6508 Joseph Flat, Port Barbarastad, CA 56648",Lake James,Apartment,952887,Available
P00946,"255 Lisa Bypass, South Joshua, UT 45830",South Joshuastad,House,1180006,Available
P00947,"2243 Emily Mountains, North Kimberlystad, NE 94062",Riveraview,House,1677816,Rented
P00948,"464 Gloria Manors, Tuckerside, RI 63864",Nancyland,House,1924213,Available
P00949,"9214 Garrett Garden Suite 805, Port Dawnside, OR 40921",North Hannah,House,1955115,Available
P00950,"1103 Laura Mount, Crystalburgh, MH 18770",Hebertburgh,Apartment,1558681,Sold
P00951,"PSC 8951, Box 8092, APO AA 43721",New Mikayla,Land,1832598,Sold
P00952,"5471 Fisher Springs, Penaborough, CT 96409",Sarahshire,Apartment,358274,Sold
P00953,"3547 David Circles, Alexandriabury, WY 67376",Lake Katie,Land,1936148,Sold
P00954,"478 Gutierrez Square Apt. 236, New Abigail, AL 88478",North Brandon,House,1503641,Available
P00955,"3362 Sara Mission Suite 751, Lake Kellyberg, KY 89518",Jacobsside,House,894486,Available
P00956,"3559 Brown Plains, Erikmouth, MT 51329",New Nicole,Apartment,754911,Available
P00957,"642 Hailey Islands Suite 672, Lake Michael, FM 21404",South Heidiport,Condo,255721,Sold
P00958,"911 Duncan Crossing Apt. 727, New Austin, FM 96201",West Jasonmouth,House,558361,Available
P00959,"4831 Rogers Views, West Mark, WI 31296",East Kimberly,House,1940094,Sold
P00960,"59507 Shannon Forest Apt. 434, South Justinborough, NJ 50060",Fishermouth,Apartment,1864501,Sold
P00961,"349 Seth Courts Apt. 456, East Katherineport, ME 03259",West Aaron,Condo,976381,Available
P00962,"0207 Matthew Trafficway, Port Toniview, RI 19001",North John,Land,1175973,Available
P00963,"17236 Harding Parkways, Patriciaville, AL 52995",East Ruth,Condo,915938,Available
P00964,"52498 Mason Plains, Port Kennethchester, PR 22933",Mooreberg,Apartment,758540,Rented
P00965,"927 Austin Spur, East Valerie, CT 75978",New Lauratown,Condo,1341552,Sold
P00966,"PSC 4183, Box 4821, APO AA 81382",Aaronfort,Condo,259281,Rented
P00967,"7007 Aaron Wall Suite 760, West Diane, CA 94731",Lake Christopher,House,308173,Sold
P00968,"55830 Vanessa Course, Virginiatown, ME 94302",Youngmouth,Apartment,1582332,Sold
P00969,"1071 Tate Lights, Manningview, UT 16004",Charlesland,Apartment,430137,Available
P00970,"Unit 5628 Box 5384, DPO AP 75500",Stephaniebury,House,325202,Available
P00971,"60909 Michael Greens, Smithtown, MS 03856",Elliottton,Condo,1070151,Rented
P00972,"19462 Haley Brooks, Warrenport, MS 34519",Ryanbury,House,623492,Sold
P00973,"646 Jennifer Courts Apt. 315, Port Victoria, PR 17306",Rachelmouth,Land,799700,Available
P00974,"720 Justin Greens, Hoganmouth, NV 82750",Kimberlyton,Apartment,1491650,Sold
P00975,"USCGC Burgess, FPO AA 68192",South Stevenmouth,Apartment,1659225,Sold
P00976,"208 John Square, West Kayla, ND 18640",Wheelerchester,House,787889,Sold
P00977,"09385 Kristy Walk, Hallside, AL 88933",Clementsborough,Condo,258515,Sold
P00978,"9981 Timothy Parks, West Angelamouth, MN 31500",West Eric,House,1035326,Available
P00979,"94546 Pearson Courts Apt. 495, Abigailfurt, MS 43548",Lindseytown,Condo,1246711,Sold
P00980,"2048 Thompson Falls Apt. 995, West Tiffanymouth, MH 46768",Katherinebury,Land,594669,Sold
P00981,"06226 Smith Pike Suite 923, New Adam, IL 25383",Port Davidland,Land,886522,Available
P00982,"Unit 9926 Box 6606, DPO AE 52492",Travismouth,Condo,663435,Rented
P00983,"03249 Jesus Mount, South Shelley, NV 10293",Alexandrachester,Condo,331871,Rented
P00984,"USCGC Robinson, FPO AA 73732",New Jose,Land,1896450,Available
P00985,"70056 Meghan Pines, Parsonstown, AS 08842",East Alicia,Condo,693149,Rented
P00986,"92274 Pearson Fields, Taylormouth, DC 98620",East Parker,Condo,554750,Available
P00987,"13521 Price Well, Lake Albert, PA 86176",South Joshualand,Condo,81161,Available
P00988,"318 Joshua Corners Suite 146, Jordanstad, WI 02222",New Robert,Apartment,1086768,Available
P00989,"087 Campbell Haven, Pinedastad, NV 92040",Velasquezberg,Condo,1268261,Available
P00990,"4242 Carpenter Drives, Walkershire, SC 66441",East Brian,Apartment,72168,Rented
P00991,"1214 Bailey Inlet Suite 937, Murphyborough, AS 47373",Bakerbury,House,1919146,Sold
P00992,"7556 Edwin Lights, New Jamie, OH 46538",Fosterbury,House,1052367,Rented
P00993,"USNS Lopez, FPO AA 60204",Meganberg,House,897063,Rented
P00994,"883 Rhonda Park Apt. 240, New Theresaberg, AK 45485",Perryburgh,Apartment,1318039,Rented
P00995,"9053 Linda Shore, Lake Kevin, WI 88659",Lake Denise,House,1826146,Rented
P00996,"41080 Moreno Spurs Apt. 572, Christopherchester, MS 41319",West Kathrynfurt,Apartment,260771,Rented
P00997,"77428 Ricardo Via Suite 181, Sarahshire, FL 82509",North Scottmouth,Apartment,1016099,Sold
P00998,"899 Billy Wall, Kevinchester, PW 78286",Alvarezchester,Apartment,795127,Rented
P00999,"120 Krystal Coves, West Yeseniatown, NC 84738",Robertborough,Apartment,519298,Sold
P01000,"255 Proctor Flat Suite 548, East Jennifer, ID 17495",Huffmanland,Apartment,1330403,Available
